ligand,CNNscore,CNNaffinity,Affinity
1352_Loracarbef,0.8638659716,7.6991963387,
1017_Penicillin_G_Sodium,0.7546165586,7.6940059662,
1774_Darifenacin,0.7639360428,7.5761313438,
1584_Losartan,0.5292512178,7.5418124199,
1478_Amoxicillin,0.6742044091,7.5202088356,
1423_ZINC000000007195,0.8047935963,7.4869856834,
0223_Active_66_Kd_240nM_IC50_NA,0.6415269971,7.4324173927,
1387_Cefaclor,0.7771164179,7.418920517,
1471_Flunisolide,0.6156599522,7.414337635,
0714_Tiotropium,0.4402209818,7.4085183144,
0599_Biperiden,0.8505506516,7.3853759766,
1636_Agrimophol,0.6173574328,7.377969265,
1624_Dicloxacillin,0.560028255,7.3691620827,
0506_Active_64_Kd_194nM_IC50_NA,0.6357066035,7.352684021,
1238_Hexachlorophene,0.3816387355,7.3397192955,
0449_Gliclazide,0.8249422908,7.2994275093,
0045_Active_61_Kd_393nM_IC50_NA,0.6729031801,7.2897434235,
1095_Talazoparib,0.3340199888,7.2788119316,
1504_Halcinonide,0.5737953186,7.2556052208,
0611_Inactive_8_IC50_2uM,0.9161269665,7.2512593269,
1040_Penicillingit,0.7267019749,7.2209072113,
1567_Fluticasone,0.3723140061,7.2153053284,
0342_Active_28_IC50_0_09uM,0.6494709253,7.1959500313,
1742_ARN_509,0.3097472787,7.1881027222,
0341_Active_29_IC50_0_43uM,0.5501767397,7.1824803352,
0242_Active_67_Kd_85nM_IC50_NA,0.3599570394,7.1781921387,
0644_Active_62_Kd_411nM_IC50_NA,0.6358976364,7.1588497162,
1233_ZINC000000000167,0.6894560456,7.1438994408,
0824_Chlorthalidone,0.772208631,7.1282925606,
0200_Active_31_IC50_0_12uM,0.8926348686,7.127723217,
0009_Active_51_Kd_327nM_IC50_NA,0.9163964987,7.1113409996,
0125_Active_59_IC50_87nM,0.619432807,7.1080317497,
1436_Guggulsterone,0.6872594953,7.096394062,
1659_ZINC000000006223,0.6802763343,7.0960183144,
0418_Active_65_IC50_32nM,0.3844195306,7.0930466652,
0970_Ampicillin,0.569083035,7.0930156708,
1251_Rilpivirine,0.5103032589,7.0923576355,
1503_Voriconazole,0.3656657636,7.0885615349,
0421_Active_60_Kd_38nM_IC50_NA,0.6062406898,7.0853981972,
1718_Meclizine,0.5424644351,7.0826430321,
1402_NABILONE,0.294631362,7.0747561455,
1329_Oxiconazole,0.1765707582,7.0728993416,
0224_Active_27_IC50_0_17uM,0.8825351596,7.07264328,
1706_Tasosartan,0.4274771512,7.0666599274,
0254_Active_53_IC50_195nM,0.7365891337,7.0639691353,
0454_Active_10_IC50_0_5uM,0.3616204858,7.0540776253,
1656_Etravirine,0.432033658,7.0444417,
1332_Fentanyl,0.6460991502,7.0435233116,
0053_Inactive_24_Activity_NoActivity,0.5893949866,7.0412449837,
0581_TRICLABENDAZOLE,0.3749594092,7.0333099365,
0816_Mefloquine,0.6106612682,7.0330672264,
1069_Meglitinides,0.5958009958,7.0294928551,
1224_ZINC000000002363,0.7207537889,7.0203661919,
1092_Luliconazole,0.4742902815,7.0197329521,
1773_Mometasone,0.4902351797,7.0113120079,
0755_Epicillin,0.6467196345,7.0070762634,
0924_Nilutamide,0.843105197,7.0070242882,
0613_Cetiedil,0.6783950925,7.0044579506,
1368_Oxymetholone,0.6703966856,7.0017242432,
0593_Amdinocillin,0.7795786262,7.0010223389,
0248_ZINC000000003047,0.6658530235,6.9947199821,
0139_Active_63_Kd_85nM_IC50_NA,0.3287335634,6.9942531586,
1311_Ecabet_sodium,0.5793234706,6.9869904518,
0393_Active_54_Kd_837nM_IC50_NA,0.6605312228,6.983985424,
0610_Tioconazole,0.4977698922,6.9826378822,
0305_Alcaftadine,0.5866059065,6.980656147,
1530_Opipramol,0.3971910477,6.976580143,
0008_Active_70_SPA_IC50_0_16uM,0.8901979327,6.9679703712,
0591_Scopolamine,0.5998756886,6.9630103111,
1200_E_2007,0.7056767941,6.9468994141,
1560_ZINC000000001974,0.5834237337,6.9463524818,
1604_Trospium,0.7048712373,6.9442000389,
1186_Clidinium,0.6195042133,6.9349136353,
0026_Active_69_IC50_43nM,0.6419761777,6.9302330017,
1571_Tibolone,0.6867166758,6.9112358093,
0480_Inactive_9_IC50_L10uM,0.7204489112,6.9094319344,
1777_Danazol,0.3924403191,6.907392025,
0923_Nomegestrol_acetate,0.4622929096,6.9040122032,
1206_ZINC000000004810,0.6252655983,6.9024386406,
1613_Pirmenol,0.5784339905,6.8949279785,
0122_Inactive_30_IC50_2uM,0.875161469,6.8906722069,
1789_Alclometasone,0.5063619018,6.8889756203,
1748_Stanozolol,0.4907498658,6.8856282234,
1217_Opicapone,0.1320681572,6.881169796,
1194_ZINC000000003699,0.6665827036,6.8789348602,
1225_ZINC000000004351,0.6616061926,6.875108242,
1305_Clofoctol,0.4584141374,6.8732337952,
1524_Trimegestone,0.5589422584,6.8699951172,
0092_Active_19_IC50_0_18uM,0.9004203081,6.8654036522,
1655_Rimexolone,0.6255493164,6.8653473854,
1130_Vamorolone,0.6745474339,6.8633823395,
0078_Active_52_IC50_314nM,0.7241562605,6.8633575439,
1389_Roflumilast,0.1277747154,6.8619885445,
1343_Etonogestrel,0.5974225998,6.861222744,
1499_Levothyroxine,0.0507458895,6.8598265648,
0017_Inactive_72_SPA_IC50_L10uM,0.8352508545,6.8597216606,
0104_Active_50_Kd_766nM_IC50_NA,0.3547284603,6.85698843,
1345_ZINC000000001417,0.6989992261,6.8515949249,
1673_Anileridine,0.5611354709,6.8477740288,
1489_R0_93877,0.4177992046,6.8417391777,
0006_PT_2385_IC50_0_012uM,0.7734989524,6.8410429955,
0143_Active_32_IC50_0_10uM,0.7358391285,6.8407511711,
0996_ZINC000000002124,0.49423334,6.8404045105,
1515_Drospirenone,0.4548146427,6.8398838043,
0202_Active_26_IC50_0_76uM,0.6218127608,6.8373980522,
1778_ZINC000000007518,0.6603515744,6.8371138573,
0540_Inactive_11_NoActivity,0.4944162667,6.829179287,
1780_Butenafine,0.6360168457,6.8259162903,
1788_Loratadine,0.3928872645,6.8221607208,
1199_Cyclacillin,0.6065078974,6.8167309761,
1663_Propicillin,0.4679818451,6.8142428398,
1399_Ketotifen,0.5877245069,6.8105444908,
1365_Oxacillin,0.5569645166,6.8082079887,
1716_Benzthiazide,0.6175903678,6.8061242104,
0317_Ticarcillin,0.5926013589,6.7962155342,
0059_Active_56_IC50_112nM,0.6740338802,6.7943940163,
1138_Methscopolamine_Bromide,0.4280941486,6.7885584831,
1577_Dexamethasone,0.3090305626,6.7880263329,
1214_Dicumarol,0.5685921311,6.7860865593,
1480_ZINC000000005761,0.462736696,6.7860832214,
1282_Promegestone,0.5644503832,6.7784481049,
1709_Ioflupane_i_123,0.6310800314,6.7778697014,
0434_Acenocoumarol,0.5087448359,6.7755084038,
1457_Arteflene,0.7871488333,6.7745914459,
0032_PT_2399_IC50_0_0098uM,0.4965257049,6.7745079994,
1611_Budesonide,0.4849144816,6.7679901123,
0474_Perhexiline,0.5803955197,6.760746479,
0004_PT2385_S19_variant_IC50_0_012uM,0.7137540579,6.7591967583,
1637_Remifentanil,0.6645305753,6.7587637901,
1755_Clobetasol,0.3455473185,6.7584605217,
0445_Fluconazole,0.3664113581,6.7531037331,
1273_Riociguat,0.153222695,6.7477283478,
1144_Perindopril,0.6449595094,6.7463288307,
1512_Sertaconazole,0.0858495384,6.7448010445,
1486_Solifenacin,0.5727614164,6.73387146,
1676_Methysergide,0.5883776546,6.7311148643,
0959_Cephalexin,0.2313835621,6.7299494743,
0013_Belzutifan,0.7010902762,6.7253441811,
0027_ZINC000000003553,0.4916642904,6.7249846458,
0821_Tolnaftate,0.4700028598,6.7228736877,
1134_Diphenidol,0.6374854445,6.7228074074,
0942_ZINC000000003374,0.4411756992,6.7214550972,
0088_Active_58_Kd_159nM_IC50_NA,0.3110801876,6.7211003304,
1459_Desonide,0.5567594767,6.719438076,
0113_Inactive_23_IC50_2_1uM,0.8715487123,6.7191672325,
0699_Taltirelin,0.3188545406,6.7187695503,
1707_Minaprine,0.5937359333,6.7167000771,
1428_Ixazomib,0.360987097,6.7161159515,
1016_Trihexyphenidyl,0.4576193094,6.7155585289,
0520_Clopidogrel,0.6747922301,6.7117991447,
1619_Crofelemer,0.6608474851,6.710723877,
0051_Letrozole,0.2839322984,6.7097735405,
1320_Prasugrel,0.3892198205,6.7091107368,
1531_Ergonovine,0.5326186419,6.7087254524,
1575_Medrysone,0.5110026598,6.7080950737,
1510_Cyproterone,0.4575689435,6.7066855431,
1752_Halometasone,0.0654059872,6.7019667625,
0339_Tiagabine,0.2515325546,6.7010250092,
0899_ZINC000000004164,0.4957678914,6.699924469,
0535_Active_6_IC50_0_33uM,0.3966396749,6.6975569725,
1688_Mestranol,0.5785391331,6.6952195168,
0978_Bunazosin,0.4966360033,6.6950798035,
1570_Hydroxyprogesterone,0.5923378468,6.6923584938,
0677_Lornoxicam,0.366818428,6.6867527962,
0222_Azatadine,0.4002870917,6.6863532066,
1668_Bemetizide,0.5885381699,6.6769633293,
1174_Quetiapine,0.3245088458,6.6752114296,
1241_Amodiaquine,0.2493962348,6.6747889519,
1374_Candesartan,0.2804179192,6.6740837097,
0246_Sulfaphenazole,0.6441420913,6.6739788055,
0268_protirelin,0.3337647915,6.6709370613,
0495_ZINC000000007871,0.4260565341,6.6686558723,
0991_Lucanthone,0.5008165836,6.6672115326,
0534_Pomalidomide,0.6609683037,6.6671681404,
0460_Tolazamide,0.5556396246,6.6638884544,
0690_Gestrinone,0.4479723573,6.6591439247,
0365_Anastrozole,0.3195150197,6.6572666168,
0049_Triclosan,0.6982471347,6.6557865143,
1255_Levosimendan,0.3335160017,6.6537742615,
1405_Clocortolone,0.1304077208,6.6528534889,
0530_Phenprocoumon,0.5062369108,6.651611805,
0137_ZINC000000006169,0.3239397705,6.6472167969,
0847_Benzbromarone,0.2188443989,6.646364212,
1508_Bevantolol,0.5394560695,6.644879818,
0438_Active_21_IC50_0_46uM,0.2335979939,6.6438789368,
1008_Protriptyline,0.6649827957,6.6425738335,
0874_Progabide,0.4840583801,6.6418557167,
0301_Warfarin,0.6445494294,6.6414718628,
0360_Rucaparib,0.4544895887,6.6409268379,
1507_ZINC000000004132,0.6844739914,6.6387534142,
0237_Tenoxicam,0.4769247174,6.6386857033,
1110_KU_0058948,0.1548072696,6.6386260986,
0453_Anisodine,0.6542176008,6.6368556023,
0070_Baricitinib,0.1527703404,6.6350340843,
1700_Anileridine_Hydrochloride,0.6362366676,6.6327233315,
1495_Nemonapride,0.3799616694,6.6315178871,
1733_Penicillin_V_Potassium,0.7308136225,6.629776001,
0044_Teriflunomide,0.7243407965,6.6249141693,
1079_Vericiguat,0.0688980594,6.6240363121,
1107_Granisetron,0.2996253371,6.6233901978,
1491_Norgestimate,0.4854798019,6.6222062111,
0087_Azosemide,0.6328167915,6.6204581261,
1109_ZINC000000003046,0.390225023,6.6186332703,
1737_Trifluoperazine,0.2344498485,6.6153774261,
1687_Propericiazine,0.4579614103,6.6140913963,
1598_Naftifine,0.674711287,6.613407135,
0865_Trichlormethiazide,0.5013226271,6.6129951477,
0041_Active_57_IC50_108nM,0.4187338352,6.6109485626,
0608_Meloxicam,0.4162544608,6.6102294922,
1401_Cefuroxime,0.2571834326,6.6097755432,
0318_Piroxicam,0.5167457461,6.6094441414,
1544_Sulconazole,0.0635193437,6.6083140373,
1299_Andrographolide,0.3758518696,6.6081185341,
1397_Flunitrazepam,0.6607947946,6.6062140465,
1751_Fludrocortisone,0.4626453221,6.6040053368,
0025_ZINC000000008767,0.8996007442,6.6019420624,
0312_Metixene,0.3174766898,6.5997490883,
1257_Nandrolone,0.5680089593,6.5946707726,
1400_Oxyphencyclimine,0.5644946098,6.5937743187,
1492_ZINC000000000561,0.5421111584,6.5921587944,
1585_Indomethacin,0.329698354,6.5914311409,
1099_Dothiepin,0.6531373262,6.5906586647,
1710_Praziquantel,0.6470688581,6.5904350281,
0021_Active_71_SPA_IC50_0_041uM,0.6299300194,6.5900802612,
0902_Palonosetron,0.4780226052,6.5857987404,
0482_ZINC000000000941,0.323818624,6.5854458809,
1308_Fosfluconazole,0.2814695239,6.5838656425,
1605_Deutetrabenazine,0.6342917681,6.5831589699,
1630_Perphenazine,0.2230629027,6.5815577507,
1266_Trimethaphan,0.5425056815,6.5812392235,
1146_Perazine,0.3268889189,6.5781936646,
1545_Altropane,0.5278941393,6.5765738487,
0035_Pinacidil,0.7421949506,6.5754475594,
1654_Escitalopram,0.5514631271,6.5749206543,
0145_Fentiazac,0.4004769921,6.5726494789,
1783_Anecortave_acetate,0.5087003708,6.5725035667,
1747_Azelastine,0.4643156826,6.571849823,
1172_Cefradine,0.3123596013,6.5717530251,
1608_Estradiol_Valerate,0.2610400617,6.5666117668,
0999_ZINC000000002056,0.4524025917,6.5645051003,
1695_ZINC000000003106,0.2230098546,6.5617785454,
1074_Miconazole,0.0928526223,6.5614285469,
1722_ZINC000000005807,0.4371192753,6.5596871376,
1511_Butoconazole,0.117250517,6.5550384521,
1667_Medroxyprogesterone,0.5182093978,6.5521092415,
1518_cortisone,0.3878416717,6.5514912605,
0134_Inactive_17_NoActivity,0.8321079612,6.5510163307,
0987_Quinine,0.4156863391,6.5501322746,
0864_ZINC000000008907,0.4680038393,6.5498828888,
1770_Cimetropium_bromide,0.6106446385,6.5481414795,
1004_Methylergonovine,0.36760813,6.5479607582,
1451_Ceftizoxime,0.2832805514,6.5473618507,
1708_Bicalutamide,0.3466444612,6.5471782684,
0024_Inactive_49_C50_1000nM,0.5520654917,6.5445179939,
0478_Inactive_3_IC50_L5uM,0.7996513247,6.5423588753,
1444_ZINC000000003542,0.5005656481,6.5404987335,
1689_Upadacitinib,0.253139019,6.5386433601,
1543_Mitotane,0.6546363831,6.537530899,
0337_Inactive_18_NoActivity,0.6033126712,6.5373997688,
1169_ZINC000000006929,0.5725287199,6.5341973305,
1297_Ethylestrenol,0.4120001793,6.5338988304,
1379_Megestrol,0.6098280549,6.5297794342,
1705_Trimebutine,0.4668753147,6.5289497375,
0626_Isocarboxazid,0.7473627925,6.5280928612,
1334_Kombiglyze_XR_Komboglyze_FDC,0.3807294369,6.5225524902,
1245_Dydrogesterone,0.3692462146,6.5196795464,
1219_Prasterone,0.5866945982,6.5196056366,
0319_ZINC000000000614,0.5396614075,6.5188002586,
0810_ZINC000000008956,0.4642059505,6.5186500549,
1749_Cetirizine,0.4918127656,6.5160622597,
1152_Ritodrine,0.4394366443,6.5118927956,
1631_Safinamide,0.599852562,6.5100045204,
0661_Griseofulvin,0.415353924,6.5073337555,
0047_ZINC000000006847,0.8087342381,6.5050263405,
1596_Quazepam,0.3000633419,6.5000853539,
1736_ZINC000000006784,0.4944611192,6.4989972115,
0842_Zaleplon,0.1043726355,6.4979534149,
1691_Besifloxacin,0.2298808992,6.4975056648,
0582_Estradiol,0.4593480229,6.4956612587,
1124_Vildagliptin,0.3540974259,6.4936785698,
1488_Exemestane,0.5384225845,6.4925408363,
0868_Mequitazine,0.4350342453,6.4912948608,
1178_Polythiazide,0.4172407389,6.4911961555,
1143_ZINC000000001738,0.5677338839,6.4911384583,
1281_ZINC000000003460,0.1509072036,6.4905147552,
1014_Cyproheptadine,0.4703398347,6.4886698723,
1326_Marinol,0.3563363552,6.4847946167,
1128_Imipramine,0.5752509832,6.4830412865,
1007_Voxelotor,0.3873355687,6.4828896523,
1165_ZINC000000001651,0.6190440655,6.4818787575,
1222_Indapamide,0.231764853,6.4814963341,
1674_Esomeprazole,0.3864537179,6.4800209999,
0373_Imipenem,0.6570211053,6.4784145355,
1357_ZINC000000008906,0.5530149341,6.4783439636,
1190_Clonazepam,0.6909169555,6.4777750969,
1712_Progesterone,0.4906778932,6.4732837677,
1268_MK_1439,0.1051367298,6.4728398323,
1317_Phenobarbital,0.643666923,6.4722981453,
0667_Methylphenobarbital,0.647562623,6.4718747139,
1552_ZINC000000001378,0.5128976107,6.4718112946,
0560_Cycrimine,0.6208688021,6.4705986977,
0472_Inactive_22_IC50_2_8uM,0.297880441,6.4622473717,
1790_Deflazacort,0.394616276,6.4606566429,
1112_Promethazine,0.5572100878,6.4592704773,
1532_Trifluridine,0.5581675172,6.4571061134,
1772_Bexarotene,0.2235420197,6.4553112984,
0982_S_Dimethindene_maleate,0.284399718,6.454957962,
1693_Almogran,0.4771100879,6.4546027184,
1525_Liranaftate,0.4090021551,6.4542827606,
0110_ZINC000000001569,0.5991063714,6.4505672455,
0665_ZINC000000004579,0.5844461322,6.4465675354,
1734_Istradefylline,0.3792494237,6.4449748993,
0359_ZINC000000000214,0.4803619981,6.4441204071,
1590_Dextropropoxyphene,0.6934525967,6.4430136681,
1469_Estropipate,0.5358906984,6.4406437874,
1661_Cyclofenil,0.3193668127,6.4403204918,
1033_Careram,0.5173168182,6.4345760345,
0253_Active_46_IC50_248nM,0.529566288,6.434068203,
1653_Terazosin,0.2354563773,6.4338698387,
1612_Denopamine,0.2478450537,6.4336204529,
1701_Levocetirizine_dihydrochloride,0.4753457904,6.4335422516,
1470_Tropicamide,0.6304385066,6.430079937,
1779_ZINC000000001726,0.3600213826,6.4299426079,
1263_Iocetamic_acid,0.1245044768,6.4274940491,
1527_Allopregnanolone,0.5854361057,6.4268374443,
0499_THS_044_IC50_L25uM,0.8266707063,6.4264769554,
0378_ZINC000000007270,0.3846638203,6.4239783287,
0235_Chlordiazepoxide,0.6349657774,6.4156341553,
0016_Inactive_47_Kd_L2000nM_IC50_NA,0.7178916931,6.4115481377,
0787_Thalidomide,0.759958744,6.4096679688,
1216_ZINC000000007697,0.6223407984,6.4088597298,
0475_Desloratadine,0.2512321174,6.4041199684,
0490_Hexobarbital,0.6274194717,6.4003372192,
0011_Ruxolitinib,0.1804115027,6.3994765282,
1003_Bromhexine,0.3754275441,6.3942856789,
1372_Dibenzepin,0.5936725736,6.3935170174,
0402_ZINC000000008036,0.7008805275,6.3910374641,
0463_Amitriptyline,0.4221171141,6.3899054527,
1597_Nizatidine,0.1282661259,6.3889980316,
1625_Azilsartan,0.1124162823,6.3865771294,
1201_Etidocaine,0.5641912818,6.3844070435,
1683_Cloxacillin,0.117057316,6.3842582703,
1533_ZINC000000003876,0.4764531851,6.3833737373,
1052_Linezolid,0.3414600194,6.3829874992,
1717_Vonoprazan,0.6000710726,6.381670475,
1730_Lisuride,0.3925091028,6.3815894127,
0274_ZINC000000005908,0.7124456167,6.380897522,
1519_Trilostane,0.3815395832,6.3807301521,
1775_Eletriptan,0.2630486488,6.3800377846,
1035_Maribavir,0.4887247682,6.3795609474,
0521_Hyoscyamine,0.6387395263,6.3782105446,
0405_Metolazone,0.544901669,6.3772697449,
0745_ZINC000000001325,0.2969512641,6.3750591278,
1658_ARRY_162,0.0653989613,6.374162674,
1394_Meclofenamic_acid,0.4539372921,6.372859478,
0282_Inactive_16_NoActivity,0.3715292811,6.3709659576,
1721_Ajmaline,0.4527551532,6.3701233864,
0406_ZINC000000003575,0.5314349532,6.3698554039,
1569_Fenofibrate,0.6885701418,6.3668580055,
0901_Mitiglinide,0.6395721436,6.3648109436,
1118_Moclobemide,0.6855016351,6.3638572693,
0245_Amlexanox,0.3807786405,6.3629684448,
0309_ZINC000000005475,0.218443796,6.3625178337,
1660_Pneumovax_23,0.5511016846,6.3607964516,
0910_Lanoconazole,0.2554249167,6.3591971397,
1264_ZINC000000003605,0.3416535258,6.3582859039,
0513_ZINC000000000628,0.7270874977,6.3571410179,
0401_Anisodamine,0.6010968089,6.3561882973,
0276_Fenhexamid,0.1166423112,6.3559861183,
0422_Tizanidine,0.6188237667,6.3548150063,
1418_Levobunolol,0.5983252525,6.3544197083,
1487_Meticillin,0.2995880544,6.3512458801,
0357_Lenalidomide,0.5619439483,6.3509507179,
1536_ZINC000000004776,0.2020280808,6.349237442,
0934_ZINC000000002845,0.2312862426,6.3472905159,
0247_ZINC000000000394,0.7573282123,6.3458271027,
0754_Desipramine,0.5662754774,6.3430161476,
1764_Tetrabenazine,0.5954888463,6.3419356346,
0916_Benztropine,0.4317691028,6.3376755714,
0388_Diphenylpyraline,0.3969691396,6.337430954,
1732_ZINC000000000829,0.288525939,6.3349699974,
1437_ZINC000000003117,0.5068737268,6.3343391418,
1302_Cloperastine,0.5799151063,6.3313426971,
1753_Olanzapine_fluoxetine_combination,0.3247283697,6.3276743889,
1278_Iprodione,0.5147598386,6.3275208473,
1766_ZINC000000001860,0.6361257434,6.3271884918,
0857_ZINC000000002197,0.5948405266,6.3237204552,
1377_ZINC000000002669,0.4151201844,6.3128829002,
1304_Isradipine,0.4765991569,6.3101153374,
0351_ZINC000000000031,0.3186276257,6.3096852303,
0798_Hexylcaine,0.6294535398,6.3096642494,
1795_Rabeprazole,0.3297455311,6.3083519936,
0208_Active_55_Kd_116nM_IC50_NA,0.2011434138,6.3076405525,
1087_Butizide,0.5372154117,6.307199955,
0161_ZINC000000002133,0.6264535785,6.3062624931,
0462_ZINC000000005903,0.3956360817,6.3052163124,
1421_ZINC000000002108,0.2934116125,6.3051114082,
0191_Flutamide,0.985024631,6.3038139343,
0112_Cyclopentolate,0.7613791823,6.3017849922,
1103_ZINC000000005085,0.2803058028,6.3014125824,
1127_Pirenzepine,0.1749747097,6.299267292,
1640_Ipriflavone,0.5894797444,6.2945461273,
0243_PT_2977_IC50_0_009uM,0.217138201,6.2940735817,
1071_Zolpidem,0.2348664999,6.2932796478,
1460_Fleroxacin,0.1008092836,6.2927880287,
1620_Iothalamate,0.4045426548,6.2926921844,
1727_Capivasertib,0.094462052,6.289150238,
0875_Nortriptyline,0.4591029286,6.2878475189,
0306_Phenylbutazone,0.6581417918,6.2851810455,
1448_Penicillin_V,0.6654062271,6.2844719887,
0176_Cenobamate,0.4819846153,6.2838330269,
1680_Cyclothiazide,0.4563931823,6.2819399834,
0889_Mepenzolate,0.2345107198,6.280330658,
0503_ZINC000000008037,0.6305249929,6.2802872658,
0944_ZINC000000001536,0.396609664,6.2796387672,
1295_Oxitropium_bromide,0.3369165957,6.2794251442,
1262_ZINC000000004939,0.5075564384,6.2778110504,
1607_Dasotraline,0.3634837866,6.2772221565,
0632_Etozolin,0.7285887599,6.2754273415,
1388_ZINC000000007322,0.4105306268,6.272837162,
0118_Ketorolac,0.6979696751,6.2722797394,
1554_Febuxostat,0.4060479999,6.2721829414,
1517_Alfuzosin,0.3462447226,6.2717399597,
1638_Amsacrine,0.3079628944,6.2714152336,
0117_Mianserin,0.5418903828,6.2697758675,
1670_Finafloxacin,0.1856046766,6.2690296173,
1335_Cefalotin,0.4080645144,6.2679653168,
0048_ZINC000000001593,0.9379143715,6.2670464516,
0541_ZINC000000000957,0.254499346,6.2649230957,
0371_Inactive_20_NoActivity,0.3322879076,6.2637119293,
1746_Fluprednisolone,0.2860902548,6.2615647316,
1702_Cephaloglycin,0.3642701507,6.2613329887,
1141_Sulfamethazine,0.3829459548,6.2604966164,
1050_Technetium_Tc_99m_Mebrofenin_Kit,0.1258579046,6.2604637146,
0121_Mirtazapine,0.3132249415,6.2593598366,
1322_Testolactone,0.3794389963,6.2568321228,
1123_Levonorgestrel,0.3127517104,6.2568144798,
0323_ZINC000000005014,0.262332499,6.2564029694,
1496_MELARSOPROL,0.2047164589,6.2552199364,
1168_Oestradiol_valerate_and_dienogest,0.2908933163,6.2531456947,
0300_Lisdexamfetamine,0.4151271582,6.2529950142,
0688_ZINC000000000217,0.1731099784,6.2518658638,
1576_Hydroxychloroquine,0.093563661,6.2515349388,
0430_Pentostatin,0.2773048282,6.2494254112,
0783_Sulpiride,0.6391632557,6.2487101555,
1626_ZINC000000006909,0.4480255246,6.2473831177,
1104_HTF_919,0.5393950939,6.2421450615,
1185_Benorilate,0.6876672506,6.2418065071,
0878_ZINC000000001591,0.4998820126,6.2414669991,
1408_ZINC000000005053,0.3479798734,6.2413144112,
1425_Sparfloxacin,0.074776575,6.2407784462,
0135_Oxaprozin,0.3274126053,6.2378277779,
1453_Secobarbital,0.6796248555,6.2371115685,
0068_Proquazone,0.4849371314,6.2355408669,
1341_ZINC000000004897,0.3274896443,6.2332234383,
1621_Aspoxicillin,0.3817812204,6.2319540977,
0603_Lomustine,0.919775486,6.2306723595,
0568_Fluorescein_Sodium,0.3660629094,6.2278103828,
1645_Cefroxadine,0.5119252801,6.225130558,
0722_ZINC000000000989,0.1239428148,6.2240872383,
0920_Amoxapine,0.4879878759,6.2233529091,
1757_Apremilast,0.3852596879,6.2217907906,
1230_ZINC000000000996,0.6573153734,6.2189941406,
1024_Inactive_4_Activity_NoActivity,0.2024595439,6.217862606,
0015_Inactive_48_Kd_1170nM_IC50_NA,0.5218310952,6.213476181,
1664_Alogliptin_metformin,0.3638666272,6.2123513222,
1220_Epervudine,0.6199583411,6.2112498283,
1540_Oxyphenonium,0.4405888319,6.2101826668,
1548_Arbutamine,0.4258300066,6.2097549438,
0592_Nateglinide,0.4749446809,6.2095589638,
1080_Olodaterol,0.1405658126,6.2071595192,
1514_Levallorphan,0.4118312597,6.2063279152,
0046_ZINC000000007564,0.4153567255,6.2043757439,
1032_Butylscopolamine,0.3573709428,6.2043623924,
1678_Sulfasalazine,0.3352177143,6.2007365227,
1614_Aceclofenac,0.5278296471,6.1966633797,
0711_ZINC000000004279,0.6190236211,6.1937770844,
0435_Dipivefrin,0.421882093,6.1933631897,
1349_Mepivacaine,0.4535410702,6.1917386055,
0036_ZINC000000001995,0.4903076887,6.1905379295,
0998_N_0923,0.3007683158,6.1902484894,
0012_ZINC000000000935,0.5663501024,6.1895141602,
1381_Valsartan,0.1091213375,6.1894264221,
1228_Ajmalicine,0.3575051129,6.184194088,
0732_ZINC000000005108,0.2754367292,6.1820244789,
1704_Lorcainide,0.214818418,6.1819648743,
0598_Ambroxol,0.4396267831,6.1794719696,
1450_Podofilox,0.1657712609,6.177836895,
0941_Cyclizine,0.4094388485,6.1759142876,
1314_Oxandrolone,0.2815998495,6.1755485535,
1105_Saxagliptin,0.3313028216,6.1735196114,
0854_ZINC000000001925,0.8059758544,6.171628952,
0345_ZINC000000005006,0.433398068,6.1713147163,
0557_Pipobroman,0.8612243533,6.1708645821,
1684_Cefatrizine,0.1489742398,6.1703457832,
1139_Salicin,0.584363997,6.1690578461,
0077_Tolbutamide,0.8439088464,6.1684851646,
1439_ZINC000000001293,0.4308248162,6.1668782234,
1102_Dolasetron,0.5276970267,6.1634612083,
0217_Chlorpropamide,0.8625338674,6.1594214439,
0951_Lidocaine,0.8646489382,6.1590476036,
1445_Diatrizoate,0.3748677075,6.1573677063,
1642_Sertraline,0.2956074476,6.1556172371,
1442_ZINC000000003346,0.2584663332,6.1552014351,
1101_ZINC000000003722,0.0966076031,6.1550602913,
0705_ZINC000000003949,0.3024863303,6.1545014381,
0623_ZINC000000004099,0.505869925,6.1514430046,
1386_Fenquizone,0.6157181263,6.1506004333,
0491_Niclosamide,0.1708376557,6.1476664543,
1516_Articaine,0.621460259,6.1472301483,
1213_Estradiol_Acetate,0.3164824843,6.146630764,
0618_Nitisinone,0.5993402004,6.1460709572,
0485_Tiamenidine,0.8453796506,6.1456389427,
1140_Pramiracetam,0.5925863981,6.1446185112,
0030_Clorazepate,0.4330694675,6.1420149803,
1473_Ipratropium,0.4512703419,6.1357574463,
1260_Quinethazone,0.63721627,6.1353011131,
1427_Peramivir,0.6004024148,6.1352119446,
1627_tetrahydropalmatine,0.2332980782,6.1344561577,
1286_Xipamide,0.2747173309,6.1333804131,
0803_Epalrestat,0.583945334,6.1311664581,
0481_Atropine,0.6615455151,6.1311416626,
0799_Levobupivacaine,0.3140485585,6.1306777,
1005_Ropivacaine,0.6492261887,6.1286463737,
0522_Sapropterin_hydrochloride,0.1101131141,6.1269888878,
1129_Amisulpride,0.3216678202,6.1208310127,
1440_Dimethindene,0.2311400771,6.1207480431,
0681_ZINC000000003938,0.4719783366,6.120449543,
0715_ZINC000000005954,0.5339634418,6.1194863319,
0058_Leflunomide,0.4682068229,6.1174068451,
1561_Safinamide_mesylate,0.5863400102,6.1135191917,
0097_ZINC000000000071,0.6772961617,6.113099575,
0333_ZINC000000004467,0.593500495,6.1080875397,
1083_Ethinyl_Estradiol,0.2871923745,6.1063289642,
0081_ZINC000000001801,0.4635955989,6.1061730385,
0347_Bupropion,0.7954220176,6.1049046516,
0523_ZINC000000003451,0.3006928563,6.1035022736,
1100_Butalbital,0.6186713576,6.1033272743,
0768_ZINC000000001061,0.4153161347,6.101442337,
0264_Phenytoin,0.5476644039,6.1009392738,
1618_Eterobarb,0.3793214262,6.100894928,
1635_ZINC000000005632,0.4315204024,6.1004066467,
1159_Delorazepam,0.3684818149,6.0987110138,
0894_Epipodophyllotoxin,0.1547315717,6.0981636047,
0241_Hydroxyflutamide,0.511872232,6.0939383507,
0914_Alosetron,0.4112500846,6.0893311501,
0896_ZINC000000003945,0.3936243653,6.0891628265,
0484_Exjade,0.2218680978,6.087480545,
1294_Amobarbital,0.7606887817,6.0869922638,
0736_ZINC000000008179,0.1636767387,6.0866336823,
0709_Connexyn,0.8941487074,6.0852069855,
0441_ZINC000000001314,0.5714235306,6.0848298073,
1781_Cefamandole,0.2864305377,6.0848174095,
0389_Mavacamten,0.3866218925,6.083129406,
1759_ZINC000000007523,0.3614024222,6.0796790123,
0937_Carbenicillin,0.4321073592,6.0784649849,
1735_ZINC000000000796,0.4347507656,6.0744590759,
1438_Liothyronine,0.0501731075,6.0733475685,
0731_ZINC000000001379,0.4998514056,6.0716042519,
0376_ZINC000000009006,0.4204270244,6.0699400902,
1572_Chloroquine,0.1213328466,6.0693554878,
1019_Cefadroxil,0.1914864182,6.0688729286,
0366_Loxapine,0.3387620151,6.0686230659,
1180_Tegaserod,0.3964440227,6.0649523735,
1565_Omeprazole,0.2873199582,6.0624632835,
1555_Meropenem,0.3463133574,6.0609359741,
0203_Salsalate,0.7422664762,6.0593910217,
1581_Ramelteon,0.5796748996,6.0561423302,
0194_Nifurtimox,0.5347314477,6.0558381081,
0156_Anagrelide,0.5722563267,6.0553164482,
0624_Panipenem,0.5880182981,6.0540084839,
1063_Econazole,0.068521753,6.0515804291,
1761_Rivaroxaban,0.2141761929,6.047773838,
1724_ZINC000000006014,0.3344368637,6.0471763611,
0259_ZINC000000006808,0.4796672463,6.0463671684,
1115_Gabexate,0.5131368637,6.045129776,
0648_Sibutramine,0.3506449163,6.0450024605,
1493_Glutethimide,0.555251658,6.0440921783,
0090_ZINC000000001968,0.1821338236,6.0411028862,
0239_Bifonazole,0.1681532264,6.0409045219,
0177_ZINC000000007341,0.2077633739,6.0400466919,
0883_Sulfamethizole,0.3991605043,6.0370159149,
0489_Ondansetron,0.3403681219,6.0353922844,
0630_Ibopamine_hci,0.4585849941,6.0348968506,
1416_Alprazolam,0.15628618,6.0339093208,
0136_Mazindol,0.5477698445,6.0330605507,
1741_Lubiprostone,0.1735560745,6.0326843262,
0993_Promazine,0.4196203947,6.0301423073,
1483_Metoclopramide,0.3804662526,6.0254721642,
0512_ZINC000000004574,0.5361338854,6.0251693726,
0946_ZINC000000001465,0.4908614159,6.0196623802,
0204_ZINC000000001445,0.2998702824,6.0187125206,
0539_Faropenem,0.821736455,6.0173096657,
0457_Anisindione,0.4186992943,6.0124931335,
1482_ZINC000000001690,0.3340270519,6.0105342865,
0411_Rimiterol,0.4694441557,6.0100884438,
1261_ZINC000000001645,0.3570097089,6.0096354485,
0814_ZINC000000001324,0.692322731,6.0058960915,
1202_Prochlorperazine,0.0671993643,6.0057997704,
0713_Clopamide,0.3877981305,6.0031666756,
0111_ZINC000000004383,0.6596943736,6.0015926361,
1093_Primidone,0.4964818954,6.0011405945,
0724_ZINC000000005386,0.5328482389,6.0005869865,
1725_Demeclocycline,0.3763828874,5.9989829063,
1520_Norethindrone,0.2563915253,5.9986686707,
0227_Olanzapine,0.4493868947,5.9975852966,
1490_Fluoxetine,0.5119377375,5.9966335297,
0832_Guaimesal,0.5122190118,5.9938392639,
1242_Ozenoxacin,0.191488266,5.9924926758,
1729_Vitamin_A,0.5151052475,5.9913287163,
1043_Bupivacaine,0.3564330935,5.9898428917,
0310_Temocillin_disodium,0.3030850589,5.9877448082,
1521_Procaterol,0.282797575,5.9867706299,
0074_ZINC000000007223,0.0463803262,5.9860835075,
0439_Thiopental,0.6846030354,5.9850382805,
1350_Labetalol,0.3294211626,5.9848952293,
0961_Sulfisoxazole,0.3247402906,5.9825186729,
1289_ZINC000000003896,0.1203683242,5.9810562134,
0397_Lumiracoxib,0.256763041,5.9774050713,
1028_Fenoterol,0.1865138263,5.9773960114,
1150_Mebendazole,0.4506583214,5.9765944481,
1740_Tretinoin,0.4188955128,5.9756355286,
1179_ZINC000000001853,0.6699178219,5.9723353386,
0765_ZINC000000008074,0.3401637971,5.9698791504,
1026_Tolperisone,0.6896268129,5.9695715904,
1384_Ridogrel,0.1474431306,5.966489315,
0399_ZINC000000006266,0.253711313,5.9647145271,
0344_Hesperetin,0.3613633513,5.9624018669,
0762_ZINC000000002016,0.2637932599,5.9604320526,
1148_Alogliptin,0.3920373023,5.9593224525,
1313_ZINC000000000997,0.5491523743,5.959154129,
0326_Antazoline,0.5868582129,5.9591450691,
0761_Methylscopolamine,0.2953263819,5.9585933685,
0509_ZINC000000004293,0.195432514,5.9557437897,
1587_Nadolol,0.2783794999,5.9544100761,
1719_Triazolam,0.0976358876,5.9531121254,
0872_Brimonidine,0.2878641784,5.9526729584,
0784_Propentofylline_propionate,0.3900702,5.9517688751,
1188_Bornaprine,0.2616607547,5.9499545097,
1034_ZINC000000003123,0.375802964,5.949696064,
0140_Ritlecitinib,0.2645442486,5.9482951164,
0289_Phenindamine,0.3497407436,5.9454479218,
0183_Nitazoxanide,0.5031631589,5.9452018738,
0414_ZINC000000006255,0.5306975842,5.9449424744,
0455_Ethacrynic_acid,0.4513067603,5.9425816536,
0703_Oxymorphone,0.2080103606,5.9421830177,
1429_Cilazapril,0.183825016,5.9392185211,
1086_Phenindione,0.6577818394,5.9375934601,
1344_Minocycline,0.0870852172,5.9364600182,
1149_Sorivudine,0.5094126463,5.9363703728,
1714_Cholestyramine,0.2279473692,5.9290452003,
0180_ZINC000000008650,0.259761095,5.9287281036,
1463_Cadralazine,0.347343117,5.9285750389,
0175_ZINC000000001259,0.5536674261,5.9269485474,
1758_Ipodate,0.1283797324,5.926129818,
1791_Pioglitazone,0.2711746097,5.9250969887,
0778_ZINC000000003833,0.4035837948,5.9249749184,
0725_ZINC000000005088,0.0754656419,5.9236311913,
1728_ZINC000000001342,0.4147728086,5.9183897972,
0368_ZINC000000004623,0.5757331252,5.9183273315,
0776_Dextromethorphan_Polistirex,0.2340850532,5.9177279472,
0132_Flumazenil,0.3469670713,5.9168815613,
1431_Oxamniquine,0.1345093995,5.9159202576,
0693_ZINC000000008039,0.5917214155,5.9153561592,
1739_Primaquine,0.4578861594,5.9129834175,
1671_Chlorprothixene,0.2840259373,5.9120373726,
1685_Bisacodyl,0.1253074557,5.9112420082,
1039_ZINC000000004568,0.5914522409,5.9101786613,
1505_Vorinostat,0.6361894608,5.9101104736,
1610_ZINC000000001174,0.0692208782,5.9056549072,
0291_Loxoprofen_gel,0.4065133035,5.9050469398,
0596_ZINC000000005723,0.2366579771,5.9031748772,
1210_Bromfenac,0.3188168108,5.9022431374,
0806_Butethal,0.7180735469,5.9004893303,
0669_Clenbuterol,0.1514286101,5.9002270699,
0772_Paroxetine,0.1955712587,5.899456501,
1578_Oxymetazoline,0.28250736,5.898086071,
0653_Levorphanol,0.3074213266,5.8973679543,
1051_ZINC000000001754,0.2959640324,5.8962287903,
1763_ZOTEPINE,0.1769753844,5.8926773071,
1782_Capsaicin,0.1332651675,5.8924942017,
1321_Homatropine_Methylbromide,0.4728930295,5.8917102814,
1762_Prazosin,0.1503672302,5.8889164925,
0170_Flufenamic_Acid,0.6105238795,5.8880996704,
1315_ZINC000000001043,0.5574996471,5.8877654076,
1465_ZINC000000005258,0.1206527874,5.8876628876,
0619_Sulfacytine,0.2423043698,5.886259079,
1754_Tadalafil,0.405575186,5.8827710152,
1031_Osilodrostat,0.1454508156,5.8825764656,
1353_Cefazolin,0.0996365398,5.8813056946,
0822_Tropisetron,0.4484519958,5.8782801628,
1452_ZINC000000006768,0.2420999706,5.8740210533,
0096_ZINC000000002210,0.3772495389,5.873436451,
0628_Glycodiazine,0.2152843326,5.8716311455,
1309_Phenoxybenzamine,0.3101086617,5.8697314262,
1745_Cilastatin,0.3291216791,5.8691058159,
1768_Prednisone,0.1870622486,5.8671951294,
1406_Nepafenac,0.2828011811,5.8649983406,
1248_Iodamide,0.240438208,5.8648486137,
0858_Ciprofibrate,0.632427454,5.863796711,
0685_Valganciclovir,0.2249499708,5.863175869,
1250_Zanamivir,0.4309287667,5.863099575,
1467_Abrocitinib,0.13522771,5.8624382019,
0316_ZINC000000000200,0.2551377118,5.8604187965,
0426_Pizotyline,0.1570755094,5.8571848869,
1380_ZINC000000007507,0.1667743623,5.8566946983,
1756_Metoprolol,0.6007969379,5.856657505,
1793_ZINC000000000437,0.6393648386,5.8566374779,
0880_Pilsicainide,0.201007396,5.8554253578,
0324_ZINC000000005882,0.2888237238,5.8553791046,
0424_Chlorproguanil,0.1989136785,5.8548388481,
1420_TERTATOLOL,0.5895949006,5.8548083305,
1796_Iopanoic_acid,0.1620486975,5.8516554832,
1396_ZINC000000008974,0.1881309301,5.8513855934,
0922_Tripelennamine,0.3534496129,5.8511500359,
1435_Zopiclone,0.0778400004,5.8501982689,
1648_ZINC000000008269,0.2135256529,5.849460125,
1253_Olutasidenib,0.1278945059,5.8490157127,
1602_Interferon_Alfa_2b,0.0467828549,5.8481850624,
0256_Alizapride,0.1771719754,5.848133564,
0144_ZINC000000008082,0.2334246486,5.8457942009,
0188_Mitomycin_A,0.3951468468,5.8430213928,
0423_Asenapine,0.3554412425,5.8422188759,
0859_ZINC000000005988,0.3257643878,5.8413238525,
1029_Chloramphenicol,0.2928197682,5.8392524719,
1652_NAFTOPIDIL,0.2093359828,5.8360328674,
0659_ZINC000000006156,0.3610824645,5.8358421326,
1579_Heroin_diacetylmorphine,0.2096390426,5.8348994255,
0935_ZINC000000001002,0.5091276169,5.8286862373,
0666_ZINC000000000078,0.5877237916,5.8268351555,
1385_Y_25130,0.0630543381,5.8258109093,
0531_Artesunate,0.3996351957,5.820204258,
1187_ZINC000000002121,0.1595857143,5.8199572563,
0174_ZINC000000002102,0.5253622532,5.8199009895,
0670_ZINC000000001083,0.230410859,5.8180942535,
0663_Croconazole,0.2448956519,5.8141655922,
1415_Meclofenamate_Sodium,0.2038271725,5.8138108253,
1696_Prulifloxacin,0.0948918089,5.8130078316,
1239_Reboxetine,0.2621400058,5.8109917641,
1274_Egualen_sodium,0.6718211174,5.8072452545,
1070_Clonidine,0.6294753551,5.8054981232,
0007_Rilmenidine,0.8601890206,5.8045287132,
0884_Rosiglitazone_XR,0.2390390188,5.8016929626,
0255_Mitomycin,0.2403365523,5.8006978035,
0065_ZINC000000005795,0.7159256935,5.799721241,
0296_Proguanil,0.7812060714,5.7989768982,
0160_Tolcapone,0.1389828026,5.798664093,
0529_Lamotrigine,0.2997169197,5.7974276543,
0094_Dichlorphenamide,0.6563584805,5.7952418327,
1356_Polyestradiol_Phosphate,0.25305143,5.7897353172,
0940_Dexrazoxane,0.3355958164,5.7887339592,
0515_ZINC000000007340,0.1692528278,5.7887210846,
1639_ZINC000000000011,0.1614644974,5.7867016792,
0561_Ramosetron,0.1982112825,5.7834334373,
0234_ZINC000000003008,0.2071900666,5.7812252045,
1799_Butacaine,0.6347337365,5.7798519135,
1784_ZINC000000004996,0.1658272743,5.7791099548,
0064_Oxazepam,0.4046325982,5.7767357826,
1454_Rizatriptan,0.1631019711,5.776594162,
1441_Vortioxetine,0.1216880083,5.7758545876,
1142_Propranolol,0.4705842435,5.7747998238,
0072_Felbamate,0.6721178293,5.7743988037,
0335_ZINC000000000076,0.7671558261,5.7739224434,
0578_Estazolam,0.1252283007,5.7736134529,
0372_Tafamidis_meglumine,0.1169566289,5.7723922729,
0403_ZINC000000001219,0.2514222264,5.7695374489,
1522_Enalaprilat,0.21671471,5.7692508698,
0343_ZINC000000004270,0.2644872665,5.7675814629,
1407_Diclofenac,0.3541222811,5.7671546936,
1059_ZINC000000004541,0.4476339221,5.7670192719,
1672_ZINC000000003152,0.5277978778,5.7661910057,
1114_Triprolidine,0.1398935318,5.7638931274,
0807_Dextromethorphan,0.2424676567,5.7634239197,
0838_Tiapride,0.4936456382,5.762740612,
1198_Tasimelteon,0.3129581213,5.7616271973,
0675_Stepronin,0.5793465376,5.7602791786,
0353_Albendazole,0.3777280152,5.759873867,
1383_ZINC000000004382,0.4161448777,5.7586765289,
0106_ZINC000000006138,0.3050469458,5.758462429,
0410_Sulfamerazine,0.3624784052,5.756362915,
0769_Pirprofen,0.317225337,5.7560458183,
0385_ZINC000000006514,0.1957414299,5.7550301552,
0086_ZINC000000004861,0.2851110697,5.7549576759,
0876_Thiamphenicol,0.4223294258,5.7525773048,
1786_Nalbuphine,0.0660016388,5.7510743141,
1392_Hydrocodone,0.1642714888,5.7506356239,
1647_Chlophedianol,0.1193482205,5.7498631477,
1203_Sotalol,0.6339148283,5.7492232323,
0622_Brinzolamide,0.3314066529,5.7476382256,
1060_Fluvoxamine,0.5071323514,5.7473678589,
1403_ZINC000000001237,0.4872820377,5.7455716133,
1367_Brompheniramine,0.1069921702,5.7449398041,
1535_Bambuterol,0.3124861717,5.7439398766,
1481_Bromopride,0.320173651,5.7433133125,
0831_ZINC000000000889,0.2344225347,5.7384395599,
1477_Conjugated_Estrogens,0.2804658711,5.7330341339,
0364_Niflumic_Acid,0.4300063848,5.7318916321,
0525_Entacapone,0.0721894726,5.7303729057,
1628_ZINC000000004046,0.2080407441,5.7280554771,
1119_Emedastine,0.2963929772,5.727619648,
0674_ZINC000000000018,0.6751714945,5.7273197174,
0846_Diazepam,0.3040512204,5.7266907692,
0295_Rofecoxib,0.3365337551,5.725332737,
0588_ZINC000000004311,0.3020653427,5.7244434357,
1588_Doripenem,0.206196785,5.7240710258,
1276_Heptabarbital,0.2850571573,5.7235870361,
0572_Oseltamivir,0.5723600388,5.7207679749,
0431_Irsogladine,0.2255766392,5.7192168236,
1208_Vitamin_B1,0.1239166558,5.7152876854,
1409_FENOFIBRIC_ACID,0.2669888437,5.7149238586,
0860_Dexbrompheniramine,0.1486625969,5.7138609886,
1662_Quinagolide,0.1176082492,5.7135429382,
1589_Naphazoline,0.4245250821,5.713452816,
1679_Ketamine,0.3145175874,5.7112212181,
0616_Cyclandelate,0.3209292293,5.7051520348,
0005_ZINC000000004264,0.2197277546,5.7027645111,
1181_Nevirapine,0.3864251077,5.7019877434,
0190_Pelubiprofen,0.3293628693,5.7013659477,
1563_Clobazam_Lundbeck,0.3067519069,5.7007994652,
0415_Biapenem,0.2103846073,5.7001414299,
0038_Suprofen,0.6368756294,5.6977963448,
0018_ZINC000000000826,0.5930562615,5.6976904869,
0321_Tiaprofenic_acid,0.5730375051,5.6944351196,
1252_ZINC000000005411,0.0674876943,5.6922011375,
0105_Thiamylal,0.4070647657,5.6917381287,
0904_Apraclonidine,0.5659633279,5.6885695457,
0146_ZINC000000004537,0.5459227562,5.6880517006,
0251_Uracil_mustard,0.5716081262,5.6878604889,
1419_ZINC000000001796,0.4580757022,5.6833767891,
0178_Mebutamate,0.7075940371,5.6831245422,
1073_Thiamine_Hydrochloride,0.2095493674,5.682993412,
1558_ZINC000000002226,0.4021694064,5.6828613281,
0850_Benznidazole,0.1201547533,5.6809573174,
0458_Prilocaine,0.5971425772,5.6779327393,
0148_ZINC000000004882,0.2127751708,5.677532196,
0120_ZINC000000001965,0.571198225,5.677022934,
1275_Papaverine,0.0933145136,5.6749148369,
0330_Venlafaxine,0.3442619443,5.674823761,
0195_Dexibuprofen,0.4960018992,5.6717514992,
0320_ZINC000000000883,0.0625715926,5.6670851707,
0037_Enoximone,0.2894072533,5.6635971069,
1787_ZINC000000008107,0.1936924011,5.6629700661,
0228_ZINC000000001870,0.1979064196,5.6627311707,
1557_Methdilazine,0.1884632409,5.659963131,
1413_MOXONIDINE,0.1051803976,5.6587138176,
1106_ZINC000000000640,0.0462948866,5.6581320763,
1675_Pyrimethamine,0.2653154433,5.6573519707,
0207_ZINC000000001071,0.2052213997,5.6539778709,
0487_Lorazepam,0.269241035,5.6520409584,
1414_Cefacetrile,0.2614223659,5.6519985199,
1506_Estrone,0.1650933772,5.6518797874,
1550_Rosaprostol,0.3629510701,5.6513500214,
0079_ZINC000000000950,0.4941588044,5.6445045471,
1568_Midazolam,0.1039807051,5.6436786652,
0615_ZINC000000002127,0.4537449181,5.6435871124,
0131_ZINC000000008935,0.7375776768,5.6435618401,
0938_ZINC000000003885,0.3615270555,5.6406769753,
0668_ZINC000000006693,0.3046035171,5.6398100853,
0211_Perflubron,0.2864075005,5.6396622658,
1629_Ceftibuten,0.0921894833,5.6395950317,
1593_Lomefloxacin,0.0560529009,5.6358261108,
1170_Molindone,0.5200363994,5.6330542564,
1461_ZINC000000000784,0.2378113717,5.629486084,
0855_Abacavir,0.1579209119,5.6249279976,
1096_Epinastine,0.282726258,5.6225280762,
1794_Topetecan,0.108477138,5.6213989258,
1509_Trioxsalen,0.4214711487,5.6172180176,
0380_Aminoglutethimide,0.2510047555,5.6161227226,
0631_Duloxetine,0.1170224696,5.6157188416,
0040_ZINC000000001553,0.3231247067,5.6150689125,
1468_ZINC000000003595,0.2190794945,5.6144108772,
1378_Probenecid,0.4189336002,5.6129202843,
0133_FLUORESCEIN,0.2049736679,5.6116232872,
1037_Bentazepam,0.1450133771,5.6087479591,
0547_ZINC000000005469,0.3983152807,5.6065077782,
1738_Fingolimod,0.18179667,5.6064887047,
1776_Astromycin_sulfate,0.1491998136,5.6061000824,
0743_Azanidazole,0.1387903243,5.6024932861,
0201_B_Lactams,0.2493002564,5.601544857,
1447_Bendamustine_hydrochloride,0.1053027064,5.6008849144,
1615_Propafenone,0.2393973768,5.6007080078,
0258_ZINC000000000831,0.3865267932,5.5992107391,
0219_ZINC000000001785,0.3556737006,5.5990080833,
0288_ZINC000000004539,0.3128459752,5.5978107452,
1133_Clovoxamine,0.3235244155,5.5954203606,
1562_Lofexidine,0.3495525718,5.5948109627,
0193_Sulfameter,0.3973288536,5.5943107605,
1254_Zolmitriptan,0.2396750301,5.5921149254,
1603_Ciprofloxacin_XR,0.1723291874,5.5913734436,
0794_ZINC000000004842,0.3564066589,5.5911784172,
1651_Polidocanol_BioForm_Medical_Chemische_Fabrik_Kreussler_Co,0.5056253076,5.591117382,
1692_Chondroitin,0.4048732817,5.5907688141,
0954_ZINC000000000636,0.7574124932,5.5903053284,
1243_Temazepam,0.1881122887,5.590200901,
1657_Hydrochlorothiazide,0.5139446259,5.5894913673,
1310_ZINC000000001301,0.128593877,5.5894088745,
1045_ZINC000000001852,0.4117103517,5.58893013,
0676_Furosemide,0.359454751,5.5882611275,
1474_Tetracaine,0.3709801435,5.587952137,
1771_Alprostadil,0.1065864563,5.5874724388,
0184_ZINC000000002057,0.8238270283,5.5864033699,
1303_ZINC000000003788,0.1998453736,5.5859818459,
0338_Sulodexide,0.1525194049,5.5855789185,
0739_Tofacitinib,0.0628207475,5.5851712227,
1192_Bromodiphenhydramine,0.2229907662,5.5847473145,
0093_ZINC000000006299,0.3186919689,5.5829501152,
1767_Testosterone,0.2102822959,5.582514286,
1542_DEXMETHYLPHENIDATE_HYDROCHLORIDE,0.2851161361,5.5818061829,
1338_Fotemustine,0.6789127588,5.5777831078,
1792_Sumatriptan,0.4613815546,5.5745787621,
1586_Hydroflumethiazide,0.5705163479,5.5728545189,
1591_Idebenone,0.1570594162,5.5724358559,
0216_Dimenhydrinate,0.415250957,5.5722746849,
1464_Estriol,0.1708726734,5.5721335411,
0084_Butabarbital,0.5418697596,5.5715618134,
0906_Clonixin,0.3035089374,5.5704994202,
1354_Timolol,0.3348309994,5.56924963,
1551_Oxytetracycline,0.2300281227,5.5687642097,
1541_Dezocine,0.2478261292,5.5657482147,
0387_ZINC000000000436,0.1837298274,5.5641083717,
1347_ZINC000000000453,0.3988071382,5.5626907349,
0823_ZINC000000007724,0.084412843,5.5617089272,
1723_Esmolol,0.4676437378,5.5568528175,
1694_Balofloxacin,0.0678388476,5.5526232719,
0895_Tolmetin,0.2890074253,5.5523457527,
1646_Sanguinarine,0.1218165606,5.5466074944,
1161_ZINC000000007312,0.0941710845,5.5463638306,
1494_Meclocycline,0.2313827574,5.5450425148,
0501_Phentolamine,0.1473687887,5.5449919701,
1801_Gatifloxacin,0.0764357299,5.5434288979,
0809_Guanabenz,0.670353651,5.5419197083,
1698_Dinoprostone,0.1281879544,5.5406918526,
0061_ZINC000000004898,0.1999683976,5.5402092934,
0100_Barbital,0.7204564214,5.539288044,
1669_Dantrolene,0.3569660187,5.536283493,
0308_Propyliodone,0.1297246367,5.53596735,
0427_Streptozocin,0.6565682292,5.5339131355,
1089_Prezatide_copper_acetate,0.0958569571,5.5334162712,
0767_ZINC000000005160,0.3001704216,5.5332436562,
0352_ZINC000000001021,0.8060416579,5.5298309326,
0348_ZINC000000007872,0.1482302696,5.5289416313,
1218_Sulfapyridine,0.4401101172,5.5286884308,
1121_Isoetharine,0.1461377591,5.528072834,
1167_Eupatilin,0.1605369002,5.5263557434,
0169_Bromazepam,0.1310372055,5.5262465477,
0091_Phenyl_Aminosalicylate,0.5208511353,5.5256323814,
1041_Chlorpheniramine,0.0894198716,5.5225830078,
0826_Terbutaline,0.5530164838,5.5225367546,
0797_Fosdenopterin,0.1014340818,5.5207562447,
0533_Cevimeline,0.5484652519,5.5183205605,
1111_ZINC000000005824,0.097995773,5.5152645111,
1287_Fexinidazole,0.2755087018,5.5112843513,
0263_Romiplostim,0.2722005546,5.5082526207,
0069_ZINC000000004551,0.3820280433,5.5039634705,
0396_ZINC000000001856,0.5287334919,5.5027766228,
1196_Nemonoxacin,0.1745037735,5.4987564087,
1623_Noscapine_narcotine,0.0911634117,5.4942336082,
0429_Doxifluridine,0.4933519363,5.4884986877,
1797_Naratriptan,0.2067821622,5.4874930382,
0564_Dexchlorpheniramine_Maleate,0.1198508516,5.485294342,
0283_Ibuprofen,0.4705870748,5.4846305847,
1151_Brodimoprim,0.0941267386,5.4837794304,
0979_Tapinarof,0.3828594387,5.4831318855,
0154_Nelarabine,0.1057427749,5.4826316833,
1015_Carteolol,0.2445364743,5.4818863869,
1523_Chlorothiazide,0.4874008894,5.4809908867,
0911_Hydrastine,0.0985126719,5.4806303978,
1176_Tetrahydrobiopterin,0.2756448984,5.4793720245,
1126_Sulfadiazine,0.2796305418,5.4757533073,
0142_ZINC000000007671,0.2059406638,5.4756016731,
0891_Tolonium_chloride,0.1986948103,5.4752211571,
1564_Penicillin_G_Procaine,0.3542093933,5.4742884636,
1633_Valdecoxib,0.1426282078,5.4730124474,
0563_Clotiazepam,0.0798735246,5.4715428352,
1189_Sulfamethoxazole,0.4658305049,5.4714388847,
0260_ZINC000000003771,0.3176922202,5.4708123207,
0752_Clofarabine,0.1143168584,5.468234539,
0595_ZINC000000002069,0.2477955818,5.4681472778,
1538_CHLOROXINE,0.2778972089,5.4679331779,
1458_Eptazocine_hbr,0.1561331153,5.4663143158,
0888_ZINC000000007754,0.2800654173,5.464360714,
0350_Talbutal,0.6967341304,5.4640517235,
0265_Cladribine,0.1132917553,5.4622550011,
0042_ZINC000000001093,0.9201979041,5.4621129036,
1010_ZINC000000004100,0.2676959038,5.4607067108,
0266_ZINC000000001575,0.1684833616,5.4590706825,
1750_Cenestin,0.213098973,5.4573707581,
1539_Tapentadol_hydrochloride,0.2097586542,5.4544463158,
0756_Haloprogin,0.6275994778,5.4518089294,
0601_ZINC000000001582,0.0962301195,5.4488892555,
0948_ZINC000000000546,0.4299401343,5.44795084,
1765_Pretomanid,0.2009349316,5.4476451874,
1120_ZINC000000002152,0.0846444741,5.446521759,
0881_Cyclophosphamide,0.6189128757,5.4449725151,
0719_Metharbital,0.5822103024,5.4446792603,
1057_Atomoxetine,0.136811316,5.4426245689,
1690_Trimetrexate,0.0650122166,5.4421882629,
1098_Famotidine,0.3126878738,5.4419932365,
1054_ZINC000000006118,0.3987022042,5.439514637,
0567_Rufinamide,0.2848395109,5.4392981529,
0673_ZINC000000000850,0.3751838505,5.4374051094,
0587_Ibudilast,0.1569013149,5.4362277985,
0683_ZINC000000003877,0.507912159,5.4320869446,
1207_Tocainide,0.5543039441,5.4313445091,
0508_Pentoxifylline,0.4227026701,5.4309802055,
1398_Treximet,0.3701100647,5.4275431633,
0428_ZINC000000002202,0.2059896737,5.4273505211,
1594_ZINC000000001323,0.4444334507,5.4272880554,
1599_Crotamiton,0.423710376,5.4253182411,
1697_Luvox,0.2258006334,5.4252128601,
1065_Ticlopidine,0.2329761684,5.4246706963,
0974_Ceftezole,0.1357268989,5.4232087135,
0579_Propyphenazone,0.3075157106,5.4222869873,
0519_crisaborole,0.3478095233,5.420732975,
0230_Aprobarbital,0.3952189088,5.4189453125,
1137_Elliptinium_acetate,0.132381767,5.4180178642,
0559_Arglabin,0.2848141491,5.4176087379,
0510_Olprinone,0.1655526608,5.4140148163,
1296_Azaribine,0.4805030525,5.4108352661,
0164_Oxycodone,0.1729725897,5.4102416039,
1390_Fludiazepam,0.178644076,5.4078536034,
1097_ZINC000000001106,0.2370058,5.4034671783,
0577_Nitrazepam,0.1695484817,5.4024562836,
1209_Chlormezanone,0.2788713574,5.4014172554,
1677_Pefloxacin,0.0670982674,5.4007320404,
0973_Methylphenidate,0.4842745662,5.3979506493,
1323_MEPTAZINOL,0.1936702728,5.3973407745,
0507_SPI_1005,0.6162378788,5.396335125,
1686_Orphenadrine,0.1422449052,5.3962135315,
0867_Mefenamic_acid,0.4357080162,5.3960680962,
1330_Rosoxacin,0.1645391136,5.394217968,
0848_Gemifloxacin,0.0581147522,5.3867573738,
0773_Olsalazine,0.2011735588,5.3859505653,
0964_ZINC000000000888,0.3195181191,5.3851523399,
1027_ZINC000000002493,0.3063256443,5.3840947151,
1324_Disulfiram,0.2876788378,5.383035183,
0766_Streptokinase,0.630145669,5.3827605247,
0267_ZINC000000001037,0.5559763908,5.3813691139,
1085_Levofloxacin,0.0600080751,5.377954483,
1053_Modafinil,0.4615671039,5.3776125908,
0198_ZINC000000006739,0.1538375169,5.3738808632,
0986_ZINC000000001506,0.3762378991,5.3721351624,
1307_Dobutamine,0.0980094224,5.3715538979,
0781_ZINC000000002162,0.623927474,5.3676495552,
1682_Dienestrol,0.1599288583,5.3669452667,
1183_Nipradilol,0.2240151167,5.3665618896,
0723_Silver_sulfadiazine,0.1146280169,5.3654856682,
0956_ZINC000000006392,0.5306771994,5.3643212318,
1162_Morphine,0.0880571008,5.3632569313,
0483_Melphalan,0.404936552,5.3590779305,
1681_Norfloxacin,0.1025002301,5.354074955,
1285_Iodoquinol,0.12683402,5.3531241417,
0837_DTI_015,0.8696041703,5.3530774117,
1609_Befunolol_hci,0.2405889928,5.3512606621,
1158_Doxycycline,0.1732260585,5.34547472,
1800_Trimeprazine,0.1509684473,5.343585968,
0448_ZINC000000001661,0.20384866,5.3410382271,
0022_Dorzolamide,0.2359171063,5.3401236534,
1205_Apomorphine,0.0881330743,5.3398690224,
1044_L_Tryptophan,0.3983184993,5.3380684853,
0907_Tazobactam,0.3374779522,5.3372797966,
1328_ZINC000000002966,0.1234929264,5.3350200653,
1370_ZINC000000001306,0.1673268527,5.3349270821,
1280_Diphemanil_Methylsulfate,0.1160406768,5.334438324,
0233_Methazolamide,0.5484439731,5.3276820183,
1256_Mephenytoin,0.2426428795,5.3268742561,
0966_Methsuximide,0.2572469711,5.3254828453,
0744_Triamterene,0.0491576828,5.3236808777,
1391_ZINC000000000274,0.5983026624,5.3231167793,
1084_ZINC000000002999,0.2749183178,5.3202877045,
0612_ZINC000000000499,0.1362736821,5.3185210228,
1267_Cefdinir,0.0740489587,5.3162140846,
0550_Proflavine,0.2500694394,5.3115887642,
0152_Arteether,0.3120647669,5.3102908134,
0651_Icodextrin,0.6597549319,5.3097128868,
0532_ZINC000000001693,0.3858825564,5.3066082001,
0281_Ingavirin,0.2003279924,5.3039765358,
1279_ZINC000000000234,0.3411625922,5.3028488159,
1064_Pentobarbital,0.2641466856,5.2997941971,
0394_Quercetin,0.1052981243,5.2984623909,
1048_ZINC000000001283,0.1370871663,5.2983908653,
1580_Atenolol,0.340392679,5.2980747223,
0528_BENZYL_BENZOATE,0.6685053706,5.2949976921,
0129_ZINC000000008076,0.1616396755,5.2930259705,
1513_ZINC000000003268,0.2899191082,5.2912874222,
1358_ZINC000000002014,0.294616878,5.2911429405,
1081_Melatonin,0.2463451028,5.2909913063,
0689_Ethacrynate_Sodium,0.1339366734,5.2909693718,
0461_Procaine,0.6642391086,5.2875671387,
0514_Desvenlafaxine,0.0881328732,5.2873663902,
0841_Ornidazole,0.613478303,5.286137104,
0569_Pindolol,0.3443457186,5.2861104012,
1606_Practolol,0.4413965046,5.2845234871,
1193_Acrisorcin,0.3211557567,5.2833595276,
0977_Trofinetide,0.3152753711,5.2788090706,
0076_Rivastigmine,0.2676473558,5.2787356377,
1288_Dyphylline,0.2682918012,5.2773365974,
0511_Carumonam,0.1010840088,5.2769827843,
1644_Hydroxystilbamidine_Isethionate,0.4442363679,5.2753124237,
0795_Frovatriptan,0.2731217146,5.2751135826,
0566_Carbazochrome_salicylate,0.1642322093,5.2730140686,
1036_ZINC000000006846,0.2216599435,5.2703952789,
1641_ZINC000000003868,0.1526245177,5.2684540749,
1743_ZINC000000000296,0.1950012147,5.266415596,
0163_Entecavir,0.1427772194,5.2629961967,
0552_ZINC000000005516,0.1501170695,5.2629070282,
0417_Amezinium,0.372215569,5.2627558708,
1744_Propoxycaine,0.4838315547,5.2623496056,
0634_Chlorambucil,0.334379375,5.261302948,
0949_Ropinirole,0.1700223237,5.2605624199,
0166_Gemcitabine,0.1454992443,5.2590279579,
0358_Varenicline,0.1302998811,5.2574777603,
0555_Zileuton,0.2017842382,5.2573523521,
0213_Galantamine,0.1689084172,5.2561969757,
1446_Masoprocol,0.0947368592,5.2548446655,
1634_Proparacaine,0.1830666661,5.2547836304,
0811_Codeine,0.1114146635,5.2544975281,
0165_ZINC000000004674,0.1102162674,5.252761364,
1160_Dexmedetomidine,0.4078125358,5.2522740364,
1247_Benzphetamine,0.3023271859,5.2511124611,
1433_Emepronium,0.0981073827,5.2493157387,
0643_ZINC000000003931,0.1707059592,5.2465896606,
0727_Levalbuterol,0.3916422129,5.2457480431,
0028_ZINC000000001912,0.1494241208,5.2437334061,
0742_Carprofen,0.185503602,5.2427554131,
1011_Armodafinil,0.3736515343,5.2415957451,
1292_Etomidate,0.4507673681,5.2405953407,
0083_ZINC000000006400,0.6571394801,5.2399888039,
1113_Huperzine_A,0.0857464373,5.2386412621,
1443_Ciclopirox,0.2771350741,5.2372555733,
0983_ZINC000000000012,0.1459935009,5.2311635017,
0844_Methyldopate_Hydrochloride,0.3585689664,5.2260394096,
1601_Diethylstilbestrol,0.1478840858,5.2228598595,
1136_Methacycline,0.1436536163,5.2197499275,
1277_ZINC000000002036,0.0627922863,5.2189693451,
0356_Zidovudine,0.1489531398,5.2151260376,
0734_FENBUFEN,0.3142699599,5.2115478516,
1559_Mepyramine_maleate,0.1298213899,5.210952282,
1340_Milrinone,0.124611862,5.2100563049,
0236_Ethotoin,0.6147351265,5.209084034,
1316_ZINC000000004317,0.2236256897,5.2085146904,
0099_Dihydroartemisinin,0.3629049957,5.2077670097,
1731_Pramoxine,0.2119152993,5.2050871849,
0103_Thiabendazole,0.3530151844,5.2022557259,
0060_FADROZOLE,0.1217711568,5.2010712624,
1479_ZINC000000001290,0.1163222268,5.2005500793,
0231_Polaprezinc,0.2351482511,5.1983127594,
0686_Salbutamol,0.2946283817,5.1924095154,
0834_Lacosamide,0.3705910444,5.1917114258,
1462_ZINC000000001309,0.5873165131,5.1913294792,
0789_ZINC000000001551,0.6291527152,5.1907219887,
1713_Protokylol_Hydrochloride,0.1377865672,5.1896748543,
1537_Midodrine,0.2399092764,5.1825609207,
0642_Metyrapone,0.0622431934,5.1781988144,
0443_ZINC000000002732,0.1120473891,5.177532196,
0492_ZINC000000004616,0.1332371384,5.1748046875,
1249_ZINC000000000984,0.2475651056,5.1643652916,
0098_Pemoline,0.6263285875,5.1624093056,
0800_Solriamfetol,0.6785207391,5.1610584259,
1526_Cetraxate,0.1345325708,5.1577506065,
0921_Diazoxide,0.6985595822,5.1549086571,
0336_Flurbiprofen,0.3986195624,5.1515917778,
0029_Ximelegatran,0.1281837523,5.1497263908,
1090_Pheniramine,0.0669897571,5.1382369995,
0172_ZINC000000002757,0.365539521,5.1358218193,
1720_Oxprenolol,0.4921001494,5.1352949142,
0886_Mepyramine,0.06310983,5.1294074059,
0210_ZINC000000000724,0.3542709947,5.1284766197,
0927_Mepindolol,0.2197906673,5.1274852753,
0205_Kawain,0.3815992773,5.1259593964,
1622_ZINC000000000562,0.0327657424,5.1242904663,
0740_Carbidopa,0.0907420218,5.1231265068,
1566_Carbinoxamine,0.07396584,5.1223740578,
1122_Levodopa,0.2539741099,5.118698597,
1046_ZINC000000002824,0.1843037009,5.11587286,
0107_ZINC000000004714,0.4033562243,5.1126637459,
1711_ZINC000000000932,0.2263979316,5.1112933159,
1108_Methylene_blue,0.1708475798,5.1099720001,
0538_Isoproterenol,0.3448887765,5.1096568108,
0395_Nitrofurantoin,0.3155396283,5.1057734489,
1301_ZINC000000006310,0.2227788568,5.1045608521,
1232_ZINC000000003742,0.1066859514,5.1041798592,
1366_ZINC000000006650,0.3665801883,5.1007494926,
0240_ZINC000000002007,0.3312695026,5.1005835533,
0707_Procarbazine,0.4982115626,5.0975785255,
0150_ZINC000000003441,0.1412208825,5.0970497131,
1088_Sulphadoxine,0.0369473808,5.0962643623,
0019_Artemisinin,0.2901435792,5.0869297981,
0497_Memantine,0.3270322084,5.0855107307,
1649_Metaproterenol_Sulfate,0.4432833493,5.0845189095,
0138_ZINC000000000381,0.1811257601,5.0839500427,
0594_ZINC000000005879,0.2000033259,5.0828328133,
0950_Idoxuridine,0.0926655978,5.0685381889,
1157_ZINC000000002008,0.2903137207,5.0650172234,
1376_Tacrine,0.1138454676,5.0633583069,
0284_Didanosine,0.149896279,5.0600008965,
1333_Dapsone,0.2144575715,5.0472278595,
0187_Fenoprofen,0.1720486432,5.0467090607,
1002_Carisoprodol,0.4292419255,5.045317173,
0432_Morantel_tartrate,0.5638756752,5.0449547768,
1497_Milnacipran,0.0949965715,5.0398173332,
0226_Glutathione,0.2164113224,5.0374464989,
0391_ZINC000000001876,0.1720693558,5.0349125862,
0331_Ethoxzolamide,0.5084360242,5.0333156586,
0206_Ketobemidone,0.0823847651,5.0311942101,
0502_ZINC000000003544,0.42601192,5.0311360359,
1485_Pachycarpine,0.3324072361,5.0294671059,
0057_ZINC000000000479,0.6059949398,5.0285458565,
0314_Beclamide,0.8957982063,5.0272450447,
0232_Ketoprofen,0.2666637897,5.0244488716,
0363_Decitabine,0.1402109861,5.0242285728,
0196_ZINC000000006995,0.4942473769,5.0241541862,
0409_Mizoribine,0.2015584558,5.0226101875,
0408_ZINC000000000868,0.3448524475,5.0223617554,
0717_ZINC000000004075,0.2593050897,5.0206942558,
0649_Metaxalone,0.5589360595,5.0200858116,
0909_ZINC000000000045,0.8468969464,5.01902771,
0782_Doxofylline,0.2495212257,5.0163769722,
0082_Neostigmine,0.4196123779,5.0135579109,
1703_Propofol,0.3733044565,5.013551712,
0790_SM_101,0.6829667091,5.0085844994,
1318_ZINC000000001658,0.1332808435,5.0050430298,
1284_Fluorodopa_F_18,0.5448671579,5.004005909,
1650_Alphaprodine,0.1616349369,5.00157547,
0181_Diflunisal,0.1251312792,4.9944286346,
1666_Anisotropine_Methylbromide,0.1328751594,4.9939885139,
0939_ZINC000000005606,0.4802309871,4.9789214134,
0080_Iobenguane_I_123,0.743821919,4.9779772758,
0908_ZINC000000003267,0.2575683594,4.9766192436,
0383_ZINC000000000949,0.4139787257,4.9718842506,
1258_ZINC000000001767,0.4647629559,4.9689893723,
1056_Trimethoprim,0.0723380372,4.963142395,
1699_Picrotoxin,0.217498824,4.9572811127,
0500_Temozolomide,0.3385457993,4.9568309784,
0322_Gabapentin,0.6903620362,4.9560337067,
1422_Pemirolast,0.2297122777,4.9543657303,
0252_ZINC000000003546,0.2544437051,4.954310894,
0553_Azathioprine,0.057374496,4.9519133568,
1212_Trofosfamide,0.3348391056,4.9502968788,
1395_ZINC000000001408,0.3044826984,4.9474964142,
1475_Lindane,0.0786684155,4.9384741783,
0020_Artemether,0.333261013,4.9347076416,
0014_Ethinamate,0.5885102749,4.9303240776,
0130_ZINC000000003826,0.3378928304,4.9301185608,
0302_Phenacemide,0.730112493,4.9281592369,
0664_ZINC000000002913,0.2471843213,4.9268670082,
1600_Buflomedil,0.296911329,4.9241147041,
0214_ZINC000000005232,0.1460648626,4.9226365089,
1337_Cimetidine,0.0919204801,4.921356678,
0829_Pirbuterol,0.3484927118,4.9167618752,
1643_Diphenhydramine,0.0853547752,4.9167504311,
0173_Felbinac,0.3827442527,4.9137187004,
0992_ZINC000000003690,0.242471233,4.9124698639,
1553_ZINC000000001729,0.0608573519,4.908036232,
0124_Levamisole,0.7464455962,4.903605938,
0062_ZINC000000000024,0.1266566366,4.9034042358,
0278_Azacitidine,0.1251888722,4.9010043144,
1375_Droxidopa,0.4590444863,4.8978252411,
0244_ZINC000000001102,0.3323743045,4.8950366974,
0303_Phenazopyridine,0.1181612536,4.8926701546,
0830_Diloxanide,0.4973809421,4.8900828362,
0684_ZINC000000000015,0.4370274246,4.8868689537,
0589_Lodoxamide,0.1749603003,4.8841891289,
1184_Nabumetone,0.1856273413,4.8841085434,
0818_Terpin_hydrate,0.494115144,4.8797683716,
1574_Pyrimethamine_sulfadoxine,0.0556824766,4.8794922829,
0055_Abametapir,0.3880835772,4.878288269,
0167_Meprobamate,0.2480323464,4.8780379295,
0672_Topiramate,0.6061303616,4.8747467995,
1164_Voglibose,0.444994539,4.8719673157,
1006_Valaciclovir,0.0444013476,4.86891222,
1259_Enoxacin,0.0624612905,4.8616886139,
0221_ZINC000000002756,0.2513681948,4.8568692207,
1456_Technetium_Tc_99m_Pentetate_Kit,0.1951657087,4.8567829132,
0089_Riluzole,0.6800495386,4.8471484184,
0116_Kinetin,0.0925104171,4.8467140198,
0285_ZINC000000006274,0.6651393771,4.842769146,
1001_Tetrodotoxin,0.4115029275,4.8427619934,
1547_Tetrahydrozoline,0.1528800726,4.8423686028,
1434_Inosine_pranobex,0.0995934755,4.8411426544,
0465_Penciclovir,0.1233513132,4.840555191,
0158_ZINC000000001601,0.0772543699,4.8402895927,
0452_Aniracetam,0.4110109806,4.8398432732,
0839_Valacyclovir_Hydrochloride,0.0775221735,4.8368849754,
1229_Uridine_triacetate,0.1517942995,4.8327727318,
0873_Iodohippurate_Sodium,0.4433942735,4.8284974098,
1582_Ademetionine,0.0345840752,4.8257007599,
0377_Ganciclovir,0.1594461501,4.8237204552,
1360_Captopril,0.4136424065,4.8212094307,
1632_ZINC000000000754,0.1418625414,4.8124680519,
0779_ZINC000000005331,0.1627839655,4.8123474121,
1346_Lactulose,0.5550426245,4.8120484352,
1466_Miglustat,0.6305890679,4.8101382256,
0329_Furazolidone,0.440961808,4.8044219017,
0827_Meperidine,0.0982438698,4.7963752747,
0407_Fenoldopam,0.0611744411,4.7913150787,
1283_Clorgyline,0.2957697511,4.7905387878,
1760_Levomepromazine,0.060197223,4.7860360146,
0877_Phenyltoloxamine,0.0905336589,4.7844262123,
0609_ZINC000000000517,0.0584168769,4.7790408134,
1529_Ranitidine,0.0757354498,4.7728209496,
0702_ZINC000000002126,0.4557450414,4.7706770897,
0050_ZINC000000004396,0.1308064312,4.764269352,
0718_Undecylenic_acid,0.3136195838,4.7576565742,
0157_Acetazolamide,0.4450711012,4.7509942055,
0085_Dihydralazine,0.2940738201,4.7336273193,
0272_Lamivudine,0.3597418368,4.7298130989,
0473_Oxiracetam,0.4356169105,4.7291069031,
0440_ZINC000000003695,0.1161077842,4.7286410332,
0536_Methoxsalen,0.275375694,4.7284989357,
0436_Naproxen,0.1461128592,4.7240791321,
0505_ZINC000000000704,0.2234333307,4.7174296379,
1412_ZINC000000004103,0.2732758224,4.7171726227,
1455_Malathion,0.7069596052,4.7152638435,
0627_Dacarbazine,0.1055047959,4.7144145966,
0759_ZINC000000001884,0.1725358367,4.7141027451,
0556_Melevodopa,0.2905663848,4.7095489502,
0828_Amiloride,0.0559002496,4.7090983391,
0575_Dexpanthenol,0.7477573156,4.6912989616,
0182_Nitrofurazone,0.7339762449,4.6869072914,
0280_Menadione,0.5099489689,4.684525013,
0820_Cytarabine,0.1981956512,4.6828694344,
1426_Ibandronate,0.2520458996,4.6806101799,
1068_Rimantadine,0.3161641955,4.6768984795,
0261_ZINC000000000617,0.0650189891,4.6766085625,
0071_Cinoxacin,0.2844520807,4.6759996414,
0334_Tavaborole,0.8823055029,4.6730036736,
0965_Telbivudine,0.2570670545,4.6729130745,
0691_Minodronate,0.1475050002,4.6700978279,
0696_ZINC000000005171,0.3900025189,4.6693034172,
0655_Metyrosine,0.1526296139,4.6673827171,
0095_Levetiracetam,0.5197099447,4.6670255661,
1528_Strontium_ranelate,0.2328918427,4.6667485237,
0518_Procainamide,0.2374354899,4.6633782387,
0708_ZINC000000003266,0.2936936617,4.660528183,
1319_Nicorandil,0.6008459926,4.6597905159,
0812_ZINC000000002542,0.4181470871,4.6556715965,
0976_ZINC000000000660,0.2555884123,4.6532187462,
0149_Sulbactam_sodium,0.5116828084,4.6499886513,
1424_Tindamax,0.3161424994,4.6485733986,
0892_ZINC000000000603,0.2860169113,4.6480822563,
0419_Phensuximide,0.5293833017,4.6460075378,
0382_Guanadrel_Sulfate,0.5977576375,4.6452679634,
1075_Gemfibrozil,0.2050220668,4.6442584991,
0416_Tramadol,0.0567740351,4.6439242363,
1077_Nefopam,0.1052509844,4.6415896416,
0614_Chloroprocaine,0.2161024958,4.6413559914,
1072_Rasagiline,0.2674440742,4.6387653351,
0819_Debrisoquin,0.5141700506,4.627409935,
0524_ZINC000000005885,0.0733585432,4.6148257256,
0374_ZINC000000002463,0.3294908702,4.612195015,
0444_ZINC000000004590,0.1809729487,4.6119971275,
0056_ZINC000000002910,0.2875452042,4.5998339653,
0073_ZINC000000005048,0.1950556189,4.5946159363,
1331_Iofetamine_Hydrochloride_I_123,0.144863233,4.5936403275,
0209_Vidarabine,0.0676442385,4.5922884941,
0147_ZINC000000003741,0.3612341285,4.5891795158,
0413_Pramipexole,0.0990186185,4.5879325867,
0456_ZINC000000002755,0.1695745885,4.5784668922,
0926_Sulfacetamide,0.4367335141,4.5775485039,
1726_Trimetazidine,0.0797413886,4.5773582458,
0654_Thiacetazone,0.483944118,4.5730018616,
0771_Edetate_calcium_disodium,0.3897408843,4.5688519478,
0585_Indeloxazine,0.4037434161,4.5669112206,
0471_Methyldopa,0.099627994,4.5662388802,
1062_ZINC000000002426,0.4504276812,4.5615940094,
1616_Pentaerythritol_tetranitrate,0.1506949365,4.5592889786,
0813_Eflornithine,0.5203774571,4.5578331947,
0307_Adenosine,0.0514911339,4.5536770821,
0063_Adenosine_monophosphate,0.070434697,4.5510268211,
1009_Pseudoephedrine,0.6684058309,4.5503201485,
0840_Pralidoxime_Chloride,0.5060981512,4.5502266884,
0262_Ifosfamide,0.5828111172,4.5484089851,
0967_Ethambutol,0.5868706107,4.5478053093,
0639_Molsidomine,0.1873687059,4.547314167,
0758_Bucillamine,0.4209272563,4.5469884872,
0192_Ribavirin,0.1253505498,4.5468215942,
1798_Pentetate_zinc_trisodium,0.1420024931,4.5466513634,
0635_Fludarabine,0.0384835489,4.5443110466,
1270_ZINC000000003975,0.1248622015,4.5382914543,
1595_ZINC000000004241,0.2755580544,4.5367031097,
0971_ZINC000000002209,0.127834186,4.5356593132,
1556_Zonisamide,0.5275207758,4.5335211754,
1373_Brivaracetam,0.4243097305,4.5295414925,
0606_MCI_186,0.4197694957,4.5204167366,
0545_ZINC000000005656,0.2012401372,4.5139331818,
0123_Allantoin,0.2872126102,4.5099015236,
0919_Aspirin,0.6931148171,4.5090847015,
0199_Stiripentol,0.260548234,4.5079889297,
0870_ZINC000000009057,0.1747796834,4.5059084892,
0466_ZINC000000002255,0.2474657148,4.505405426,
0571_Etanidazole,0.5598840714,4.503680706,
0748_Chlormerodrin,0.762537539,4.5026841164,
1117_Methyprylon,0.174154222,4.4999241829,
1125_Erythrityl_Tetranitrate,0.190747112,4.4986176491,
0488_Azelaic_Acid,0.4329574406,4.4953188896,
1021_ZINC000000002698,0.2612065375,4.4923605919,
0558_Methoxamine,0.2447822243,4.481262207,
0849_Levodropropizine,0.261253953,4.4758706093,
0764_Monoctanoin,0.5359534621,4.4733862877,
1265_Alendronate,0.5313418508,4.4604449272,
0930_Secnidazole,0.2935065627,4.4600701332,
0155_Alclofenac,0.3306946456,4.4489779472,
0159_Actarit,0.2128924876,4.4449329376,
0433_ZINC000000001349,0.2561927736,4.441532135,
0220_Minoxidil,0.0667063966,4.437608242,
0054_ZINC000000005293,0.2285366505,4.4325375557,
0526_ZINC000000004085,0.4367227852,4.4307079315,
0067_Clavulanate,0.6406796575,4.4226651192,
0638_Bufexamac,0.143355608,4.4125914574,
0101_Pyrantel,0.489757508,4.4102649689,
1364_ZINC000000004150,0.1857709438,4.4064021111,
0650_ZINC000000002320,0.2779066265,4.4046001434,
0637_Uridine,0.08185561,4.3929386139,
1058_Penicillamine,0.8628047705,4.3924598694,
0792_Stavudine,0.1700218171,4.386297226,
0804_ZINC000000000693,0.1564052552,4.3775806427,
0354_ZINC000000006642,0.2831065655,4.3695063591,
0442_Pantothenic_acid,0.4444481432,4.3664832115,
1067_ZINC000000004841,0.0897549763,4.3650584221,
1269_L_Tyrosine,0.2809773684,4.3648052216,
0706_NERIDRONIC_ACID,0.1421357542,4.3542904854,
0273_ZINC000000002754,0.3919043243,4.3541927338,
0856_Fudosteine,0.5714595914,4.3533577919,
0477_Clofibrate,0.7903324962,4.3531832695,
0712_ZINC000000002116,0.4349387586,4.3529791832,
1211_Lorcaserin,0.1818873882,4.3480644226,
0119_Mercaptopurine,0.2607032955,4.3475842476,
1298_ZINC000000004029,0.102744177,4.3444538116,
0918_Mecamylamine,0.3439975381,4.3437008858,
0128_DEOXYCYTIDINE,0.180914551,4.3286690712,
1204_ZINC000000000665,0.2810232043,4.3266906738,
0225_Chlorzoxazone,0.5550391078,4.3255944252,
0735_ZINC000000004107,0.4983043671,4.3238844872,
0903_Floxuridine,0.240715906,4.3226504326,
0698_ZINC000000000385,0.2025759965,4.3212795258,
1272_Trientine_Hydrochloride,0.245627597,4.3161087036,
0516_Guanethidine,0.3111135662,4.3156299591,
0984_ZINC000000001958,0.3563870788,4.3151144981,
0861_Cidofovir,0.0357135572,4.3134560585,
0108_UFT,0.136944741,4.3066139221,
0805_fluciclovine_F_18,0.7035321593,4.3062148094,
0279_Chymopapain,0.4700320363,4.3056030273,
0726_Aciclovir,0.0368784033,4.3054070473,
0023_Acitazanolast,0.3002845049,4.2972407341,
0679_Famciclovir,0.0823743641,4.296184063,
0379_L_alanyl_l_glutamine,0.1142053977,4.2961611748,
0600_Cerulenin,0.3544573486,4.2819876671,
0249_Hydralazine,0.3589119017,4.2804017067,
0835_Rorifone,0.3168644011,4.2794680595,
1094_Pirfenidone,0.3376433849,4.2721943855,
0425_Erdosteine,0.6822033525,4.26867342,
0551_Ethionamide,0.3730382025,4.2684998512,
0770_N_Acetyl_D_glucosamine,0.4234232008,4.263525486,
0375_ZINC000000002437,0.2796990871,4.2622714043,
0574_Salicylamide,0.5931515694,4.2605776787,
1484_Menadiol_sodium_diphosphate,0.1316338181,4.2601523399,
0114_Benzoyl_peroxide,0.490958333,4.2580256462,
0494_Fludeoxyglucose_F_18,0.6339962482,4.2529463768,
0852_ZINC000000002428,0.0736166686,4.237402916,
0238_ZINC000000005743,0.1991238147,4.2370853424,
0340_Enprofylline,0.0805015415,4.2276592255,
0361_ZINC000000004636,0.0799214765,4.2258691788,
1223_L_Phenylalanine,0.2658004761,4.2251186371,
0958_Cephalosporin,0.0575016588,4.2064795494,
1430_Pyridoxal_Phosphate,0.0756492242,4.1982493401,
0928_ZINC000000001901,0.2752893865,4.1965265274,
0066_Tegafur,0.1205371693,4.1923823357,
0546_Piracetam,0.5887061357,4.1895847321,
1382_Metaraminol,0.3940052092,4.1871523857,
1013_ZINC000000000451,0.1636184305,4.1850752831,
0990_Vasicine,0.4194630682,4.1850514412,
1030_Inamrinone_Lactate,0.0789112225,4.175432682,
0327_Sodium_thiosalicylate,0.65046525,4.1690292358,
0544_Arginine,0.625700891,4.1674637794,
1617_Sodium_lauryl_sulfate,0.2502319813,4.1604542732,
1236_Choline_magnesium_trisalicylate,0.6217804551,4.1587548256,
0917_Epinephrine,0.5034921765,4.1566505432,
0290_Tiopronin,0.6023001671,4.1559009552,
1549_Mexiletine,0.4623308778,4.1500968933,
0043_Thioguanine,0.1590320468,4.1470503807,
0277_Sodium_salicylate,0.5821694136,4.1349511147,
0985_Nalidixic_Acid,0.0923933908,4.1284651756,
0678_ZINC000000001797,0.2071827054,4.1231856346,
1339_Glatiramer_Acetate,0.2617044747,4.1226181984,
1715_Risedronate,0.047907047,4.1208925247,
1226_Amantadine,0.3124234676,4.1179862022,
0660_Sulfamylon,0.4248046577,4.0982837677,
1177_Phenylephrine,0.4354355037,4.096678257,
0981_Perchlozone,0.4477833211,4.0957350731,
0788_Carbimazole,0.6932647228,4.0927529335,
0186_Boric_acid,0.7329615951,4.0901088715,
0851_Viloxazine,0.4497869015,4.0890045166,
1155_Selegiline,0.3350628614,4.0853438377,
1047_Aminohippurate_sodium,0.3659732342,4.0831561089,
1061_Methocarbamol,0.2087274641,4.0759868622,
0212_Chlorphenesin,0.7049479485,4.074133873,
1573_Iobenguane_Sulfate_I_131,0.2273643017,4.0699725151,
0802_Cotinine,0.0865591168,4.0696005821,
1131_Pentolinium,0.2714442313,4.0643787384,
0269_Monobenzone,0.2752940655,4.0642561913,
0390_ZINC000000000135,0.7176843882,4.0631952286,
1785_ZINC000000000048,0.1466791481,4.0588536263,
1020_Tranexamic_Acid,0.2930880189,4.0539307594,
0633_ZINC000000001318,0.3202856183,4.0524888039,
0597_Salicyclic_acid,0.5585283637,4.0499286652,
0936_ZINC000000001288,0.2883164883,4.044157505,
0621_Elvitegravir_cobicistat_emtricitabine_tenofovir_disoproxil_fumarate,0.0658066496,4.0418410301,
0620_Fluorouracil,0.4459021986,4.0359783173,
0468_Pilocarpine,0.1741535664,4.0351834297,
0548_Tiludronic_acid,0.1012813821,4.0344176292,
0720_Ethosuximide,0.5969070196,4.0338807106,
0313_Methyl_aminolevulinate,0.6013424397,4.0334472656,
1182_Piperazine,0.5462383032,4.0254092216,
0446_Carbocisteine,0.4153267145,4.0140862465,
1404_ZINC000000003750,0.0583625436,4.0118336678,
0952_Baclofen,0.143924728,4.0028796196,
0562_Tenofovir,0.0624981262,3.9989337921,
0753_Valproate,0.2497514784,3.9965555668,
1116_Diethylcarbamazine,0.2204585373,3.995213747,
1025_Thiotepa,0.1863402724,3.9939110279,
0275_Tiazofurin,0.1574776173,3.9883105755,
1393_Ferrous_Citrate_Fe_59,0.5968201756,3.9777781963,
1592_ZINC000000001574,0.0809612125,3.9751937389,
1476_Oxilofrine,0.1412762702,3.9746563435,
0185_Propylthiouracil,0.2971017063,3.9746043682,
0953_Calcium_dobesilate,0.4063625634,3.9670913219,
0470_Sulfanilamide,0.3990004957,3.9652454853,
0741_ZINC000000005970,0.5621114969,3.9644329548,
0486_Amifostine,0.2711924911,3.9494035244,
0325_ZINC000000002434,0.2343944013,3.9486026764,
1231_Colestipol,0.3825256526,3.9458401203,
0580_Aminocaproic_Acid,0.4794386923,3.9444625378,
0586_Mobenakin,0.4033958018,3.9432544708,
1312_Menthol,0.4304695129,3.940568924,
0412_Phenelzine,0.4653452933,3.9393692017,
0384_Carboplatin,0.5676113367,3.9362924099,
0369_Imidazole_salicylate,0.5495115519,3.9346878529,
0817_Histamine_Phosphate,0.3658450842,3.934274435,
0496_Selenomethionine_Se_75,0.3139283657,3.9299411774,
0075_Carglumic_acid,0.2939907312,3.9289791584,
0034_Fosfosal,0.2895062566,3.9253454208,
0975_FerriSeltz,0.5449997783,3.9232492447,
0298_Zalcitabine,0.2240635455,3.9167253971,
0989_ZINC000000000353,0.2997100353,3.9166648388,
0658_Acetaminophen,0.3769116402,3.9104092121,
0671_Benzoic_Acid,0.6917282343,3.9039268494,
0972_Thymol,0.3204950392,3.9019153118,
1769_Sodium_phenylbutyrate,0.1526792496,3.8950355053,
0962_Aminosalicylic_Acid,0.2556073666,3.8946101665,
1546_ZINC000000001059,0.0855803788,3.8837223053,
1306_Chloral_hydrate,0.7549951077,3.8775393963,
1221_Technetium_Tc_99m_Succimer_Kit,0.6256218553,3.8773403168,
0682_Fosfomycin,0.7224851251,3.8764696121,
0700_Acetohydroxamic_Acid,0.7273056507,3.8727490902,
0747_Hydroxyamphetamine_Hydrobromide,0.3996898234,3.8704669476,
1195_Ephedrine,0.4489682615,3.8648560047,
0400_Dopamine,0.3319241107,3.847910881,
0955_Unithiol,0.6707605124,3.8361041546,
1361_Indium_In_111_Oxyquinoline,0.2889481485,3.8346173763,
1293_Pargyline,0.400554359,3.8330948353,
0969_2_deoxyglucose,0.7351837158,3.8323631287,
0467_TRIENTINE,0.2815121412,3.8287060261,
0657_Betazole,0.3309007287,3.8274173737,
0543_Fosmidomycin,0.1826700121,3.8210055828,
0704_L_Glutamic_Acid,0.204330489,3.8187389374,
0749_Amfepramone,0.1795466691,3.8171749115,
0968_Prothionamide,0.2141803503,3.8147227764,
0215_Quinolones,0.4447937906,3.8135917187,
1500_Altretamine,0.0350945927,3.8083851337,
1432_Zoledronate,0.1405452192,3.8066732883,
0537_Emtricitabine,0.0512641445,3.8056762218,
0801_Isoniazid,0.3023119271,3.8052051067,
1066_Hexyl_aminolevulinate,0.3697597682,3.8034756184,
0573_Acamprosate,0.4998803139,3.8029224873,
0710_Chlorphentermine_Hydrochloride,0.117992118,3.7985877991,
1501_Incadronate,0.114000991,3.7945792675,
1000_Potassium_Aminosalicylate,0.2654790282,3.7899265289,
0646_L_glutamine,0.1330086142,3.7889089584,
1227_Tromethamine,0.783270359,3.7874877453,
1235_Triclofos_Sodium,0.606498301,3.7832915783,
1359_Tolazoline,0.1409438848,3.7809505463,
0459_Adenine,0.172974959,3.7798411846,
0960_Caffeine,0.136791274,3.7727305889,
0751_Aminolevulinic_Acid_Hydrochloride,0.459916234,3.7716398239,
0905_Barbiturate,0.4491081238,3.7708590031,
1351_Divalproex_sodium,0.3578875661,3.7695548534,
0947_Succimer,0.4608647227,3.7649412155,
1410_Dimercaprol,0.8615830541,3.7581317425,
1498_Clodronate,0.4222041368,3.7509672642,
0141_ZINC000000004494,0.0673698336,3.7498846054,
0287_Cantharidin,0.237278685,3.7455463409,
0153_ACECLIDINE,0.2001012713,3.7405719757,
1371_Meglumine_antimoniate,0.7038392425,3.733219862,
0843_Benzocaine,0.6329824328,3.7324230671,
0151_TECFIDERA,0.6472948194,3.7232005596,
0730_ZINC000000001045,0.2542023659,3.7224628925,
0933_Ferric_citrate,0.5366692543,3.7223184109,
0590_Aminolevulinic_acid_hci,0.4669210315,3.7085363865,
1215_Technetium_Tc_99m_Etidronate_Kit,0.5529990196,3.7025015354,
0763_Inactive_7_NoActivity,0.1211564243,3.7011623383,
0549_ZINC000000002115,0.1531663984,3.7008287907,
0652_Pyrithione_Zinc,0.6258439422,3.693413496,
0299_Bethanechol,0.3978547752,3.6908626556,
0871_Mesalazine,0.2415013313,3.6875836849,
0879_Ethamsylate,0.2853196859,3.6842567921,
0796_Acetylcysteine,0.4117355943,3.6722955704,
0932_Edrophonium,0.1991832852,3.6715078354,
0687_Nicotinamide,0.334595412,3.6652901173,
0995_Flucytosine,0.1897571236,3.6498186588,
1583_Bretylium,0.1250828654,3.6496670246,
0162_Amyl_nitrite,0.3604370654,3.6479170322,
0367_Pyridostigmine,0.4465011656,3.6443493366,
0869_ZINC000000001091,0.4817265272,3.6400146484,
1012_Metronidazole,0.1429516971,3.6357147694,
0728_Potassium_Citrate,0.6237234473,3.6265192032,
1191_L_Alanine,0.6621738076,3.6258513927,
1363_ZINC000000000791,0.200698033,3.6251828671,
0420_Norepinephrine,0.1770328581,3.6226112843,
1154_Indium_In_111_Chloride,0.7678705454,3.6164159775,
0362_Allyl_isothiocyanate,0.7481766343,3.609171629,
1534_Mephentermine,0.1312149018,3.6071197987,
0863_Nitroglycerin,0.3615883291,3.5975649357,
0716_Gallium_Citrate_Ga_67,0.5771667957,3.5950298309,
0680_Methimazole,0.4522303939,3.5945091248,
0760_Theophylline,0.1166719347,3.5842933655,
0793_Iodinated_glycerol,0.7535327673,3.5812389851,
0915_Trimethadione,0.5875418186,3.5731880665,
0386_Povidone_iodine,0.4771686792,3.5568478107,
1132_ZINC000000000351,0.4317798018,3.5505797863,
1237_Phentermine,0.2625096738,3.5503003597,
0641_Treosulfan,0.5207362771,3.5414669514,
1038_Invert_sugar,0.6224929094,3.5373146534,
0504_Sodium_polystyrene_sulfonate,0.2068870664,3.5369999409,
1022_Metadoxine,0.1513058692,3.5333805084,
0647_Cysteine_Hydrochloride,0.4100933075,3.5315904617,
0931_Miglitol,0.536200881,3.5241158009,
0882_Phenmetrazine,0.0767387077,3.5210502148,
0527_Hydroxyurea,0.5421562195,3.5194196701,
1175_Phloroglucinol,0.3954100013,3.5123212337,
1018_Pamidronate,0.5021683574,3.5095329285,
0791_Lithium_Citrate,0.435452491,3.4990177155,
0866_Choline_alfoscerate,0.2286379486,3.4923074245,
1271_Propylhexedrine,0.1869601309,3.4918153286,
0697_Oxaliplatin,0.3714955449,3.4904644489,
0929_Oxtriphylline,0.0498879664,3.4860870838,
0777_ZINC000000002067,0.1494176388,3.4842910767,
0774_Enflurane,0.7906622887,3.4723613262,
1049_Chromic_Chloride,0.7622479796,3.4673573971,
1246_Hydroquinone,0.396281153,3.4558067322,
0565_Paramethadione,0.3840262592,3.444924593,
0297_Sarkomycin,0.2691987753,3.4431488514,
0636_Isoflurane,0.5634306669,3.4333868027,
0737_Ammonium_lactate,0.7599121332,3.4332439899,
0701_Allopurinol,0.0891583264,3.4316089153,
0328_Nicotine,0.1058748662,3.4235954285,
1411_Echovist,0.6913030148,3.4167156219,
1023_Amifampridine,0.3005649447,3.4140121937,
1166_Fructose,0.6593053937,3.4050481319,
0583_Acetic_Acid_Glacial,0.8199888468,3.4003174305,
1300_Mechlorethamine,0.3284311593,3.3923103809,
1163_Sevoflurane,0.6095902324,3.3890616894,
0925_Theobromine,0.042078726,3.3886134624,
0039_Nitroprusside,0.7172625065,3.3861265182,
1472_Etidronic_acid,0.3550368547,3.3756580353,
1153_Vitamin_B6,0.153703928,3.3693130016,
1362_Deferiprone,0.1618679166,3.3685061932,
0257_14C_urea,0.7164586186,3.3622026443,
0808_Halothane,0.7721928954,3.3586800098,
0293_Vigabatrin,0.3156155944,3.3584082127,
0607_Dextroamphetamine,0.1444912255,3.3568418026,
0629_Metformin,0.3199698329,3.355225563,
0102_Lobaplatin,0.1935583949,3.3524048328,
1369_Isoflurophate,0.4612641633,3.3480043411,
1234_Mannitol,0.6576920152,3.3470191956,
1055_Vitamin_B3,0.3357503116,3.337720871,
0370_Succinic_acid,0.4019050598,3.3319590092,
1197_Phendimetrazine,0.0716318414,3.3307733536,
0912_Pyrazinamide,0.1753043979,3.3217990398,
0493_Pregabalin,0.1217506081,3.318775177,
0825_Sodium_lactate,0.6974303126,3.3181335926,
0464_Methenamine,0.2386015356,3.3115780354,
0780_Desflurane,0.8126485944,3.3113358021,
0997_Sodium_ferric_gluconate_complex,0.629343152,3.2965898514,
0662_Colestilan,0.4098395705,3.293520689,
0645_Amphetamine,0.1185620353,3.2917745113,
0127_Carbachol,0.2674069107,3.2915747166,
1147_Sodium_zirconium_cyclosilicate,0.6514780521,3.289494276,
0945_Choline_salicylate,0.2819498181,3.281681776,
1342_Trolamine_salicylate,0.1936953515,3.2797391415,
1291_Sorbitol,0.7516206503,3.2770683765,
1502_Aminophylline,0.0334068611,3.269869566,
0168_L_Proline,0.2383453101,3.2691347599,
1076_Acipimox,0.1118612438,3.2671535015,
0451_Glucosamine,0.2807397842,3.2670879364,
0294_Manganese_Chloride_Tetrahydrate,0.6784721613,3.2666006088,
0885_Isosorbide_Dinitrate,0.2166965604,3.2594807148,
0437_Sodium_Succinate,0.4351355433,3.2571566105,
1244_Dalfampridine,0.3515044153,3.2551820278,
0853_Dihydroxyacetone,0.751945436,3.2544288635,
1240_Technetium_Tc_99m_Oxidronate_Kit,0.5703333616,3.249907732,
0315_Levacecarnine_hci,0.1798007637,3.2474443913,
1325_Methamphetamine,0.0948352963,3.2355549335,
0897_Gaboxadol,0.1499538869,3.2339947224,
0988_Levovist,0.5441401601,3.21575737,
1290_Etidronate_Disodium,0.3885566592,3.2141473293,
0270_Triacetin,0.4925411046,3.2091343403,
0994_Guanidine_Hydrochloride,0.5034668446,3.1998226643,
0602_Paraldehyde,0.7988455296,3.1970558167,
0729_Gamma_Hydroxybutyric_Acid,0.3919032514,3.1947057247,
0617_Cupric_Chloride,0.6962834001,3.1941635609,
0197_Fomepizole,0.3834249377,3.187240839,
0398_Ethchlorvynol,0.2430426329,3.185087204,
0746_Sodium_oxybate,0.6868776083,3.1802589893,
0757_Urea,0.7145343423,3.1716537476,
0605_Migalastat,0.6509591341,3.168848753,
1156_Isovanillin,0.2196196914,3.1439869404,
0286_Vitamin_C,0.4097792506,3.142219305,
0031_Ergotidine,0.1222037375,3.1377429962,
0332_Tranylcypromine,0.1101933718,3.129986763,
0542_Betain_anhydrous,0.4986518621,3.1296255589,
1355_Nitric_Oxide,0.8206992745,3.1291999817,
0898_Cisplatin,0.7405610681,3.1282045841,
1082_Methoxyflurane,0.6955802441,3.1261646748,
0815_Cysteamine,0.7421215773,3.1243727207,
0913_Glycine,0.5422290564,3.1122820377,
1091_Cycloserine,0.3464900553,3.0964574814,
0833_Pyruvic_acid,0.4728177786,3.0955562592,
1145_Calcium_Gluceptate,0.3051148057,3.0880148411,
0943_Artemisinin_SP,0.2203730196,3.0783522129,
0733_Gold_sodium_thiomalate,0.4325870275,3.0461213589,
1171_Camphor,0.1808883846,3.0428493023,
0584_Mesna,0.479935348,3.0412614346,
1173_Thiazolidinedione,0.5851513147,3.0365517139,
0218_Nedaplatin,0.7505030036,3.024106741,
0570_Dihydroxyaluminium,0.4160725772,3.0147001743,
0126_Hydrogen_peroxide,0.7021020651,3.0118448734,
0311_Dimethyl_Sulfoxide,0.7224832773,3.0062367916,
0271_Calcium_Acetate,0.7058565617,3.0061130524,
0404_Potassium_Acetate,0.7144067883,3.0041701794,
0229_Zinc_Acetate,0.7230255008,2.9907214642,
0179_Sodium_Acetate_Anhydrous,0.7613165379,2.9900779724,
0836_Methacholine_Chloride,0.3515917361,2.9852294922,
0890_Polyethylene_glycol,0.8217082024,2.979632616,
0775_Calcium_carbimide,0.6957854033,2.9780960083,
0980_Gardasil,0.3479526043,2.9778506756,
1078_Zinc_Chloride,0.7560994625,2.976610899,
0640_Eptaplatin,0.0925370008,2.9753968716,
0554_Busulfan,0.1760199666,2.9668827057,
0786_Ferumoxytol,0.7434091568,2.9284408092,
0304_Acetylcholine,0.1690929234,2.920342207,
0695_Sodium_bicarbonate,0.7380034924,2.9032268524,
0692_Carbamide_peroxide,0.4874749482,2.8970153332,
0887_Ferric_maltol,0.2597829103,2.8895130157,
0750_Technetium_TC_99M_medronate,0.5144811869,2.8771800995,
1665_99mTc_sestamibi,0.3430567384,2.8742830753,
0052_Propiolactone,0.7192132473,2.8643467426,
0738_Benzyl_alcohol,0.3068598509,2.8558018208,
1135_Feraheme_Rienso,0.7984374762,2.8517444134,
0893_Sevelamer_hydrochloride,0.591701746,2.8479328156,
0625_13C_urea,0.5201759338,2.8470327854,
0115_Chromic_phosphate_P_32,0.5065324903,2.8427047729,
0785_Foscavir,0.5563488007,2.8128452301,
0479_Sodium_phosphate_P_32,0.4311612248,2.8117916584,
0349_Ethanol,0.7632269263,2.80504632,
0604_Talc,0.5305549502,2.7798745632,
0862_L_ornithine_L_aspartate,0.1385769695,2.7681167126,
0355_Sodium_Monofluorophosphate,0.388191402,2.7594316006,
0957_Choline_C_11,0.4182800651,2.7184581757,
0845_Bentoquatam,0.5298632979,2.7154502869,
0033_Calcium_Chloride,0.7324100137,2.7106039524,
0250_Isosorbide_Mononitrate,0.1560293287,2.6989440918,
0189_Ammoniated_mercury,0.6881175637,2.6762807369,
0469_Betaine,0.2512782216,2.6462666988,
1348_Simethicone,0.2325322181,2.6405353546,
0171_Lanthanum_carbonate,0.576221168,2.6126096249,
0656_Sodium_nitroprusside,0.562599957,2.6088712215,
1336_Sodium_nitrite,0.7301393747,2.5971777439,
0003_Ferumoxides,0.78600353,2.5947933197,
0002_Arsenic_trioxide,0.7685793042,2.5821113586,
0346_Phosphate,0.4419944584,2.5752944946,
0498_Iron_Dextran,0.4091624916,2.5015926361,
0381_Potassium_Chloride,0.5691010356,2.4744989872,
0963_Sodium_Chromate_Cr_51,0.6813255548,2.462688446,
0476_Ethyl_chloride,0.3785005808,2.4511733055,
0576_Sodium_thiosulfate,0.508151412,2.4498610497,
1042_Thallous_Chloride_Tl_201,0.5879120827,2.4378378391,
0001_Glucarpidase,0.5861775279,2.3833510876,
0721_Lithium_Carbonate,0.43792665,2.3536145687,
0010_Strontium_Chloride_Sr_89,0.4958315194,2.3435804844,
0694_Sodium_sulfide_sulfur,0.5580428839,2.2904322147,
0900_Sodium_chloride,0.5416341424,2.2720730305,
0450_Zinc_Sulfate,0.556818068,2.2665894032,
0447_Cupric_Sulfate,0.5358130336,2.2523715496,
0392_Manganese_Sulfate,0.5137360096,2.2487983704,
1449_Silver_nitrate,0.4229842424,2.2462260723,
0517_Barium_sulfate,0.5265116096,2.2423233986,
0292_Magnesium_Sulfate,0.5033441186,2.2371661663,
1417_Sodium_iodide_I_131,0.5375249982,2.2164461613,
0109_Potassium_Perchlorate,0.3264194131,2.1145718098,
1327_Gallium_nitrate,0.2862360179,2.0483133793,
